sample_id,subject,session,run,trial,label,event_sample,artifact_flagged,fold,seed,y_true,y_pred,p_class_1,p_class_2,p_class_3,p_class_4
s06_0train_r0_t01,6,0train,0,1,4,250,False,loso_s6,20260924,4,3,0.07479681,0.17696965,0.42085397,0.3273796
s06_0train_r0_t02,6,0train,0,2,2,2253,False,loso_s6,20260924,2,3,0.0036282197,0.08366137,0.64545864,0.2672517
s06_0train_r0_t03,6,0train,0,3,2,4171,False,loso_s6,20260924,2,4,0.00034511395,0.059064936,0.26364633,0.6769436
s06_0train_r0_t04,6,0train,0,4,1,6123,False,loso_s6,20260924,1,3,0.05849467,0.08266605,0.6162813,0.24255803
s06_0train_r0_t05,6,0train,0,5,4,8131,False,loso_s6,20260924,4,3,0.009394171,0.01321194,0.52193075,0.45546308
s06_0train_r0_t06,6,0train,0,6,4,10242,False,loso_s6,20260924,4,4,0.001545105,0.0019170905,0.41047814,0.58605963
s06_0train_r0_t07,6,0train,0,7,3,12159,False,loso_s6,20260924,3,2,0.001655861,0.5092633,0.17120342,0.3178774
s06_0train_r0_t08,6,0train,0,8,2,14209,False,loso_s6,20260924,2,4,0.002199034,0.04881084,0.4279874,0.52100277
s06_0train_r0_t09,6,0train,0,9,3,16140,False,loso_s6,20260924,3,4,0.0007372949,0.023734167,0.4219466,0.55358195
s06_0train_r0_t10,6,0train,0,10,1,18138,False,loso_s6,20260924,1,3,0.12733437,0.029594379,0.44928348,0.39378783
s06_0train_r0_t11,6,0train,0,11,1,20044,False,loso_s6,20260924,1,4,0.021738986,0.00369894,0.24727234,0.7272897
s06_0train_r0_t12,6,0train,0,12,2,21939,False,loso_s6,20260924,2,4,0.00021302312,0.20494683,0.3738076,0.42103252
s06_0train_r0_t13,6,0train,0,13,4,23911,False,loso_s6,20260924,4,3,0.012635962,0.06806354,0.59850794,0.32079253
s06_0train_r0_t14,6,0train,0,14,4,25855,False,loso_s6,20260924,4,4,0.0026615283,0.031240992,0.33441564,0.6316818
s06_0train_r0_t15,6,0train,0,15,2,27822,False,loso_s6,20260924,2,3,0.020020766,0.36542422,0.45983922,0.15471573
s06_0train_r0_t16,6,0train,0,16,4,29942,False,loso_s6,20260924,4,3,0.0032107055,0.057515923,0.47507504,0.46419835
s06_0train_r0_t17,6,0train,0,17,3,31950,False,loso_s6,20260924,3,3,0.0021531002,0.07829801,0.5039654,0.41558346
s06_0train_r0_t18,6,0train,0,18,3,34016,False,loso_s6,20260924,3,3,0.00049787795,0.2068807,0.6357843,0.15683706
s06_0train_r0_t19,6,0train,0,19,3,36052,False,loso_s6,20260924,3,2,0.024235776,0.53930646,0.22447705,0.2119807
s06_0train_r0_t20,6,0train,0,20,1,38118,False,loso_s6,20260924,1,4,0.11574911,0.03389827,0.4201829,0.43016976
s06_0train_r0_t21,6,0train,0,21,3,40188,False,loso_s6,20260924,3,2,0.028142927,0.5575818,0.15557365,0.25870162
s06_0train_r0_t22,6,0train,0,22,1,42268,False,loso_s6,20260924,1,4,0.006790113,0.037699796,0.45318633,0.50232375
s06_0train_r0_t23,6,0train,0,23,3,44180,False,loso_s6,20260924,3,3,0.0018147944,0.31024745,0.4236103,0.26432744
s06_0train_r0_t24,6,0train,0,24,3,46211,False,loso_s6,20260924,3,4,0.00082476006,0.31170842,0.25699916,0.43046767
s06_0train_r0_t25,6,0train,0,25,1,48164,False,loso_s6,20260924,1,2,0.0063290563,0.3702866,0.31906497,0.30431932
s06_0train_r0_t26,6,0train,0,26,1,50125,False,loso_s6,20260924,1,3,0.0082543455,0.10462704,0.6268425,0.2602761
s06_0train_r0_t27,6,0train,0,27,2,52229,False,loso_s6,20260924,2,2,3.861837e-05,0.5792895,0.11423986,0.30643207
s06_0train_r0_t28,6,0train,0,28,2,54233,False,loso_s6,20260924,2,4,0.0024468096,0.12811285,0.35262182,0.51681846
s06_0train_r0_t29,6,0train,0,29,1,56208,False,loso_s6,20260924,1,3,0.15378362,0.013447736,0.48070672,0.352062
s06_0train_r0_t30,6,0train,0,30,3,58234,False,loso_s6,20260924,3,3,0.010236018,0.06279964,0.55915076,0.36781353
s06_0train_r0_t31,6,0train,0,31,2,60305,False,loso_s6,20260924,2,3,0.0004375877,0.10671758,0.55887467,0.33397022
s06_0train_r0_t32,6,0train,0,32,4,62412,False,loso_s6,20260924,4,4,0.025354367,0.07066657,0.3701899,0.53378916
s06_0train_r0_t33,6,0train,0,33,4,64504,False,loso_s6,20260924,4,3,0.009827803,0.021429177,0.6073294,0.3614136
s06_0train_r0_t34,6,0train,0,34,1,66595,False,loso_s6,20260924,1,4,0.0025670428,0.13596,0.368761,0.492712
s06_0train_r0_t35,6,0train,0,35,4,68638,True,loso_s6,20260924,4,4,0.004397221,0.06020914,0.31201163,0.62338203
s06_0train_r0_t36,6,0train,0,36,1,70702,False,loso_s6,20260924,1,4,0.024157017,0.024211414,0.35422984,0.59740174
s06_0train_r0_t37,6,0train,0,37,4,72722,False,loso_s6,20260924,4,3,0.033647943,0.1639555,0.40376443,0.39863217
s06_0train_r0_t38,6,0train,0,38,2,74694,True,loso_s6,20260924,2,4,0.027678149,0.07644569,0.44758862,0.44828746
s06_0train_r0_t39,6,0train,0,39,3,76657,True,loso_s6,20260924,3,4,0.003842067,0.0526604,0.3278292,0.6156683
s06_0train_r0_t40,6,0train,0,40,4,78582,False,loso_s6,20260924,4,4,0.00085150177,0.03717165,0.23481534,0.7271615
s06_0train_r0_t41,6,0train,0,41,2,80663,False,loso_s6,20260924,2,2,0.016790112,0.3711329,0.3356409,0.2764361
s06_0train_r0_t42,6,0train,0,42,3,82641,False,loso_s6,20260924,3,4,0.0037978285,0.17748304,0.14881663,0.66990256
s06_0train_r0_t43,6,0train,0,43,2,84631,False,loso_s6,20260924,2,4,0.014925371,0.10360658,0.42090377,0.46056423
s06_0train_r0_t44,6,0train,0,44,3,86750,False,loso_s6,20260924,3,3,0.0015375435,0.02736438,0.59566456,0.37543347
s06_0train_r0_t45,6,0train,0,45,1,88656,False,loso_s6,20260924,1,4,0.0065619596,0.053446747,0.3497201,0.5902712
s06_0train_r0_t46,6,0train,0,46,2,90584,True,loso_s6,20260924,2,3,0.0016449585,0.32635185,0.4537772,0.21822602
s06_0train_r0_t47,6,0train,0,47,4,92698,True,loso_s6,20260924,4,4,0.0009894635,0.26830652,0.08937682,0.64132714
s06_0train_r0_t48,6,0train,0,48,1,94757,False,loso_s6,20260924,1,2,0.021011222,0.4132566,0.26454848,0.30118373
s06_0train_r1_t01,6,0train,1,1,3,250,True,loso_s6,20260924,3,4,0.0072409865,0.13679346,0.36995155,0.48601404
s06_0train_r1_t02,6,0train,1,2,1,2253,False,loso_s6,20260924,1,3,0.06998061,0.012842243,0.5930553,0.3241219
s06_0train_r1_t03,6,0train,1,3,1,4171,True,loso_s6,20260924,1,3,0.0020764496,0.0188168,0.5530236,0.42608315
s06_0train_r1_t04,6,0train,1,4,4,6123,False,loso_s6,20260924,4,3,0.0047238576,0.0024104828,0.5004791,0.49238658
s06_0train_r1_t05,6,0train,1,5,1,8131,False,loso_s6,20260924,1,3,0.055573378,0.02910518,0.6269763,0.2883451
s06_0train_r1_t06,6,0train,1,6,4,10242,False,loso_s6,20260924,4,4,0.0017504896,0.0059214574,0.28240544,0.7099227
s06_0train_r1_t07,6,0train,1,7,4,12159,False,loso_s6,20260924,4,3,0.00089452334,0.0046540755,0.54621154,0.44823986
s06_0train_r1_t08,6,0train,1,8,2,14209,False,loso_s6,20260924,2,3,0.0036500199,0.3029305,0.40700337,0.28641608
s06_0train_r1_t09,6,0train,1,9,4,16140,False,loso_s6,20260924,4,3,0.0009734852,0.01469609,0.7067968,0.27753365
s06_0train_r1_t10,6,0train,1,10,2,18138,True,loso_s6,20260924,2,3,0.00831267,0.31300125,0.39672947,0.28195667
s06_0train_r1_t11,6,0train,1,11,4,20044,False,loso_s6,20260924,4,4,0.0025128035,0.13403162,0.2613266,0.602129
s06_0train_r1_t12,6,0train,1,12,3,21939,False,loso_s6,20260924,3,3,0.0008251428,0.1506448,0.47831085,0.37021926
s06_0train_r1_t13,6,0train,1,13,1,23911,False,loso_s6,20260924,1,3,0.0036798022,0.08062932,0.66006345,0.25562745
s06_0train_r1_t14,6,0train,1,14,2,25855,False,loso_s6,20260924,2,2,0.0018730215,0.5435034,0.12657584,0.32804772
s06_0train_r1_t15,6,0train,1,15,3,27822,False,loso_s6,20260924,3,3,0.034523804,0.030325012,0.67319787,0.26195338
s06_0train_r1_t16,6,0train,1,16,1,29942,False,loso_s6,20260924,1,3,0.014589931,0.0075519597,0.6345003,0.34335777
s06_0train_r1_t17,6,0train,1,17,1,31950,False,loso_s6,20260924,1,4,0.0017165206,0.09847319,0.2865121,0.6132982
s06_0train_r1_t18,6,0train,1,18,4,34016,True,loso_s6,20260924,4,3,0.017594488,0.015743237,0.52606845,0.44059378
s06_0train_r1_t19,6,0train,1,19,4,36052,False,loso_s6,20260924,4,3,0.008777866,0.025746442,0.52643096,0.43904477
s06_0train_r1_t20,6,0train,1,20,2,38118,False,loso_s6,20260924,2,3,0.0047677094,0.1548144,0.42644888,0.413969
s06_0train_r1_t21,6,0train,1,21,1,40188,False,loso_s6,20260924,1,3,0.020136802,0.10883756,0.6003845,0.27064118
s06_0train_r1_t22,6,0train,1,22,3,42268,False,loso_s6,20260924,3,2,0.0006649562,0.46702445,0.14513223,0.38717836
s06_0train_r1_t23,6,0train,1,23,4,44180,False,loso_s6,20260924,4,2,0.0023707598,0.43561724,0.24663045,0.3153816
s06_0train_r1_t24,6,0train,1,24,4,46211,False,loso_s6,20260924,4,4,0.024572143,0.06570143,0.25920066,0.65052575
s06_0train_r1_t25,6,0train,1,25,4,48164,False,loso_s6,20260924,4,4,0.0037974983,0.014099746,0.41929254,0.56281024
s06_0train_r1_t26,6,0train,1,26,3,50125,False,loso_s6,20260924,3,3,0.016857862,0.03414727,0.6738526,0.27514222
s06_0train_r1_t27,6,0train,1,27,3,52229,True,loso_s6,20260924,3,3,0.0057088695,0.09149439,0.45367065,0.4491261
s06_0train_r1_t28,6,0train,1,28,3,54233,True,loso_s6,20260924,3,4,0.04394562,0.28837103,0.27259612,0.39508724
s06_0train_r1_t29,6,0train,1,29,1,56208,False,loso_s6,20260924,1,3,0.002555129,0.024327466,0.5738296,0.39928776
s06_0train_r1_t30,6,0train,1,30,2,58234,True,loso_s6,20260924,2,4,0.012904429,0.12969077,0.34261048,0.5147943
s06_0train_r1_t31,6,0train,1,31,2,60305,False,loso_s6,20260924,2,2,0.0024605405,0.5075281,0.24473374,0.24527758
s06_0train_r1_t32,6,0train,1,32,2,62412,False,loso_s6,20260924,2,3,0.007890563,0.048195228,0.5709436,0.37297064
s06_0train_r1_t33,6,0train,1,33,3,64504,False,loso_s6,20260924,3,3,0.0028403685,0.227076,0.47695205,0.29313162
s06_0train_r1_t34,6,0train,1,34,3,66595,True,loso_s6,20260924,3,4,0.00079256884,0.034633696,0.38017336,0.58440036
s06_0train_r1_t35,6,0train,1,35,2,68638,False,loso_s6,20260924,2,3,0.005570031,0.42665327,0.4346846,0.13309218
s06_0train_r1_t36,6,0train,1,36,3,70702,True,loso_s6,20260924,3,4,0.011068698,0.084863424,0.44375372,0.46031412
s06_0train_r1_t37,6,0train,1,37,1,72722,False,loso_s6,20260924,1,4,0.024222996,0.08685592,0.36268184,0.5262392
s06_0train_r1_t38,6,0train,1,38,3,74694,False,loso_s6,20260924,3,4,0.04279218,0.31964037,0.1571273,0.48044008
s06_0train_r1_t39,6,0train,1,39,3,76657,True,loso_s6,20260924,3,3,0.09176134,0.23072755,0.41087484,0.26663625
s06_0train_r1_t40,6,0train,1,40,2,78582,False,loso_s6,20260924,2,3,0.002425668,0.36757627,0.3796691,0.25032893
s06_0train_r1_t41,6,0train,1,41,2,80663,False,loso_s6,20260924,2,3,0.0036578139,0.23356628,0.4451218,0.31765407
s06_0train_r1_t42,6,0train,1,42,1,82641,True,loso_s6,20260924,1,3,0.1322968,0.05043026,0.45429662,0.36297637
s06_0train_r1_t43,6,0train,1,43,2,84631,False,loso_s6,20260924,2,3,0.08333994,0.11433631,0.6021212,0.20020261
s06_0train_r1_t44,6,0train,1,44,1,86750,True,loso_s6,20260924,1,2,0.07196659,0.5176898,0.20571654,0.20462704
s06_0train_r1_t45,6,0train,1,45,1,88656,True,loso_s6,20260924,1,4,0.058188986,0.065990135,0.42810306,0.4477178
s06_0train_r1_t46,6,0train,1,46,4,90584,True,loso_s6,20260924,4,4,0.0052237217,0.028956622,0.31850734,0.6473123
s06_0train_r1_t47,6,0train,1,47,4,92698,False,loso_s6,20260924,4,4,0.003688942,0.16340242,0.13904849,0.6938602
s06_0train_r1_t48,6,0train,1,48,2,94757,True,loso_s6,20260924,2,4,0.0009930423,0.14124289,0.37232167,0.48544246
s06_0train_r2_t01,6,0train,2,1,2,250,True,loso_s6,20260924,2,3,0.04711624,0.18808669,0.5397429,0.22505419
s06_0train_r2_t02,6,0train,2,2,4,2253,True,loso_s6,20260924,4,3,0.21027672,0.28613412,0.32710975,0.17647941
s06_0train_r2_t03,6,0train,2,3,1,4171,False,loso_s6,20260924,1,4,0.0014693505,0.044075064,0.47624272,0.47821286
s06_0train_r2_t04,6,0train,2,4,4,6123,False,loso_s6,20260924,4,3,0.0013224938,0.008652629,0.512213,0.47781187
s06_0train_r2_t05,6,0train,2,5,2,8131,False,loso_s6,20260924,2,4,0.14977384,0.15161063,0.30150467,0.39711085
s06_0train_r2_t06,6,0train,2,6,4,10242,False,loso_s6,20260924,4,3,0.00016669926,0.052684344,0.6271256,0.32002333
s06_0train_r2_t07,6,0train,2,7,1,12159,False,loso_s6,20260924,1,3,0.00580584,0.020798586,0.72509354,0.24830201
s06_0train_r2_t08,6,0train,2,8,2,14209,False,loso_s6,20260924,2,4,0.0012104576,0.13042314,0.24194945,0.6264169
s06_0train_r2_t09,6,0train,2,9,4,16140,False,loso_s6,20260924,4,3,0.00011722056,0.0072737797,0.61785513,0.3747538
s06_0train_r2_t10,6,0train,2,10,4,18138,True,loso_s6,20260924,4,3,0.0007885728,0.01685572,0.58808374,0.39427197
s06_0train_r2_t11,6,0train,2,11,2,20044,False,loso_s6,20260924,2,3,0.00043615056,0.12244083,0.46365646,0.41346654
s06_0train_r2_t12,6,0train,2,12,3,21939,False,loso_s6,20260924,3,3,0.0019044803,0.04877753,0.62935305,0.3199649
s06_0train_r2_t13,6,0train,2,13,2,23911,False,loso_s6,20260924,2,2,0.017671995,0.6274403,0.21384092,0.14104678
s06_0train_r2_t14,6,0train,2,14,1,25855,False,loso_s6,20260924,1,3,0.32419324,0.0019187143,0.44335696,0.23053099
s06_0train_r2_t15,6,0train,2,15,1,27822,False,loso_s6,20260924,1,4,0.06535203,0.0069643995,0.18938495,0.7382986
s06_0train_r2_t16,6,0train,2,16,2,29942,False,loso_s6,20260924,2,4,0.0028571356,0.31489116,0.29622757,0.38602412
s06_0train_r2_t17,6,0train,2,17,4,31950,False,loso_s6,20260924,4,4,0.0051647867,0.05935179,0.4590014,0.47648203
s06_0train_r2_t18,6,0train,2,18,1,34016,False,loso_s6,20260924,1,4,0.048992082,0.018123448,0.2640866,0.66879785
s06_0train_r2_t19,6,0train,2,19,4,36052,False,loso_s6,20260924,4,4,0.0040230895,0.07186694,0.25564265,0.66846734
s06_0train_r2_t20,6,0train,2,20,2,38118,False,loso_s6,20260924,2,4,0.0020864415,0.19831389,0.16158624,0.6380135
s06_0train_r2_t21,6,0train,2,21,1,40188,False,loso_s6,20260924,1,4,0.0046814987,0.1744253,0.37460124,0.4462919
s06_0train_r2_t22,6,0train,2,22,3,42268,False,loso_s6,20260924,3,4,0.004451237,0.009732573,0.37609953,0.6097166
s06_0train_r2_t23,6,0train,2,23,3,44180,False,loso_s6,20260924,3,3,0.006672107,0.15270539,0.49130315,0.3493194
s06_0train_r2_t24,6,0train,2,24,1,46211,False,loso_s6,20260924,1,4,0.0024077978,0.03656763,0.3389562,0.6220684
s06_0train_r2_t25,6,0train,2,25,2,48164,False,loso_s6,20260924,2,4,0.031747725,0.012055236,0.34104267,0.6151544
s06_0train_r2_t26,6,0train,2,26,4,50125,True,loso_s6,20260924,4,3,0.06761783,0.09931754,0.5389794,0.29408514
s06_0train_r2_t27,6,0train,2,27,3,52229,False,loso_s6,20260924,3,4,0.0026413468,0.030186197,0.28822678,0.6789456
s06_0train_r2_t28,6,0train,2,28,3,54233,False,loso_s6,20260924,3,4,0.0046328665,0.011918572,0.44657466,0.5368739
s06_0train_r2_t29,6,0train,2,29,3,56208,True,loso_s6,20260924,3,3,0.0093870545,0.08901629,0.46114904,0.4404476
s06_0train_r2_t30,6,0train,2,30,3,58234,False,loso_s6,20260924,3,4,0.0019204147,0.027479298,0.13618489,0.8344154
s06_0train_r2_t31,6,0train,2,31,1,60305,False,loso_s6,20260924,1,3,0.008366783,0.0071569867,0.69077826,0.293698
s06_0train_r2_t32,6,0train,2,32,3,62412,True,loso_s6,20260924,3,4,0.15924034,0.13747945,0.21852817,0.4847521
s06_0train_r2_t33,6,0train,2,33,4,64504,True,loso_s6,20260924,4,3,0.00066605414,0.019507475,0.6423509,0.33747554
s06_0train_r2_t34,6,0train,2,34,3,66595,False,loso_s6,20260924,3,4,0.011075099,0.095796525,0.35045794,0.5426704
s06_0train_r2_t35,6,0train,2,35,1,68638,False,loso_s6,20260924,1,3,0.0018363905,0.37196958,0.46572784,0.16046616
s06_0train_r2_t36,6,0train,2,36,3,70702,True,loso_s6,20260924,3,4,0.008219885,0.15117493,0.22400147,0.61660373
s06_0train_r2_t37,6,0train,2,37,1,72722,False,loso_s6,20260924,1,3,0.0026685738,0.29106075,0.43472528,0.27154535
s06_0train_r2_t38,6,0train,2,38,4,74694,False,loso_s6,20260924,4,4,0.17959954,0.019991338,0.37924793,0.4211612
s06_0train_r2_t39,6,0train,2,39,1,76657,False,loso_s6,20260924,1,4,0.14644922,0.069861904,0.37253323,0.41115564
s06_0train_r2_t40,6,0train,2,40,2,78582,True,loso_s6,20260924,2,3,0.056063663,0.16813011,0.46802777,0.30777848
s06_0train_r2_t41,6,0train,2,41,3,80663,True,loso_s6,20260924,3,2,0.10635984,0.39642704,0.18998778,0.30722532
s06_0train_r2_t42,6,0train,2,42,2,82641,False,loso_s6,20260924,2,3,0.012739208,0.19362387,0.47425205,0.31938484
s06_0train_r2_t43,6,0train,2,43,1,84631,True,loso_s6,20260924,1,3,0.041571103,0.32645187,0.42409733,0.20787969
s06_0train_r2_t44,6,0train,2,44,2,86750,False,loso_s6,20260924,2,4,0.00039266003,0.010854979,0.36720726,0.62154514
s06_0train_r2_t45,6,0train,2,45,2,88656,True,loso_s6,20260924,2,4,0.0028946137,0.18365425,0.3656147,0.4478364
s06_0train_r2_t46,6,0train,2,46,4,90584,True,loso_s6,20260924,4,4,0.01789621,0.03566188,0.24962933,0.69681257
s06_0train_r2_t47,6,0train,2,47,3,92698,False,loso_s6,20260924,3,3,0.0075144456,0.017496279,0.66320884,0.31178036
s06_0train_r2_t48,6,0train,2,48,4,94757,False,loso_s6,20260924,4,3,0.026982505,0.022900244,0.6046766,0.34544063
s06_0train_r3_t01,6,0train,3,1,1,250,True,loso_s6,20260924,1,3,0.13581261,0.23534505,0.44556445,0.18327792
s06_0train_r3_t02,6,0train,3,2,1,2253,False,loso_s6,20260924,1,3,0.09443022,0.050601706,0.4723567,0.3826114
s06_0train_r3_t03,6,0train,3,3,2,4171,False,loso_s6,20260924,2,3,0.004358213,0.21180983,0.4477921,0.33603978
s06_0train_r3_t04,6,0train,3,4,4,6123,False,loso_s6,20260924,4,4,7.227922e-05,0.00026639042,0.17907767,0.8205837
s06_0train_r3_t05,6,0train,3,5,1,8131,True,loso_s6,20260924,1,3,0.00644842,0.11695347,0.46856833,0.40802985
s06_0train_r3_t06,6,0train,3,6,4,10242,False,loso_s6,20260924,4,4,0.00019891947,0.0056999293,0.13921559,0.8548855
s06_0train_r3_t07,6,0train,3,7,4,12159,False,loso_s6,20260924,4,3,0.00377951,0.013362336,0.4958152,0.48704305
s06_0train_r3_t08,6,0train,3,8,4,14209,False,loso_s6,20260924,4,4,0.00048166304,0.07075952,0.32703155,0.6017273
s06_0train_r3_t09,6,0train,3,9,1,16140,False,loso_s6,20260924,1,3,0.035371345,0.07683178,0.6027024,0.28509453
s06_0train_r3_t10,6,0train,3,10,3,18138,False,loso_s6,20260924,3,3,0.000593115,0.010735677,0.581892,0.4067792
s06_0train_r3_t11,6,0train,3,11,4,20044,True,loso_s6,20260924,4,4,7.1520044e-05,0.11644004,0.38455835,0.49893013
s06_0train_r3_t12,6,0train,3,12,4,21939,False,loso_s6,20260924,4,4,0.0033729568,0.005045139,0.12179274,0.8697892
s06_0train_r3_t13,6,0train,3,13,2,23911,False,loso_s6,20260924,2,2,0.0044190227,0.482549,0.35482478,0.1582072
s06_0train_r3_t14,6,0train,3,14,2,25855,True,loso_s6,20260924,2,4,0.004638199,0.33296597,0.31026462,0.35213116
s06_0train_r3_t15,6,0train,3,15,4,27822,False,loso_s6,20260924,4,4,0.0012738458,0.011151267,0.4832597,0.5043152
s06_0train_r3_t16,6,0train,3,16,1,29942,True,loso_s6,20260924,1,4,0.057837907,0.0072349375,0.3607751,0.574152
s06_0train_r3_t17,6,0train,3,17,4,31950,False,loso_s6,20260924,4,4,0.0020455292,0.056044254,0.22543646,0.7164737
s06_0train_r3_t18,6,0train,3,18,3,34016,False,loso_s6,20260924,3,4,0.0016158404,0.014987998,0.47476074,0.5086354
s06_0train_r3_t19,6,0train,3,19,2,36052,True,loso_s6,20260924,2,3,0.001312867,0.25042924,0.62576276,0.12249504
s06_0train_r3_t20,6,0train,3,20,3,38118,True,loso_s6,20260924,3,4,0.0038823662,0.016886737,0.20226532,0.77696556
s06_0train_r3_t21,6,0train,3,21,2,40188,False,loso_s6,20260924,2,3,0.0037705384,0.063432224,0.523868,0.40892923
s06_0train_r3_t22,6,0train,3,22,4,42268,False,loso_s6,20260924,4,4,0.004750839,0.005278833,0.45452717,0.53544307
s06_0train_r3_t23,6,0train,3,23,1,44180,False,loso_s6,20260924,1,3,0.111779444,0.10213378,0.45097685,0.33510992
s06_0train_r3_t24,6,0train,3,24,1,46211,False,loso_s6,20260924,1,3,0.0020110898,0.18622413,0.5384109,0.27335387
s06_0train_r3_t25,6,0train,3,25,2,48164,False,loso_s6,20260924,2,4,0.0005638584,0.0650568,0.14499266,0.78938663
s06_0train_r3_t26,6,0train,3,26,3,50125,False,loso_s6,20260924,3,4,0.004660735,0.12246322,0.38384488,0.48903117
s06_0train_r3_t27,6,0train,3,27,1,52229,False,loso_s6,20260924,1,3,0.06797029,0.036905244,0.54750425,0.34762025
s06_0train_r3_t28,6,0train,3,28,4,54233,False,loso_s6,20260924,4,4,0.003970328,0.01569995,0.3246061,0.65572363
s06_0train_r3_t29,6,0train,3,29,1,56208,False,loso_s6,20260924,1,4,0.0104723275,0.020881044,0.2890268,0.6796198
s06_0train_r3_t30,6,0train,3,30,3,58234,False,loso_s6,20260924,3,4,0.0025000083,0.03516363,0.45293257,0.50940377
s06_0train_r3_t31,6,0train,3,31,3,60305,False,loso_s6,20260924,3,3,0.00018476965,0.021617929,0.6737817,0.30441567
s06_0train_r3_t32,6,0train,3,32,3,62412,False,loso_s6,20260924,3,4,0.0004578338,0.21741049,0.16676672,0.6153649
s06_0train_r3_t33,6,0train,3,33,2,64504,False,loso_s6,20260924,2,4,0.0033103146,0.065444514,0.2347819,0.6964632
s06_0train_r3_t34,6,0train,3,34,2,66595,False,loso_s6,20260924,2,4,0.0110455435,0.011365356,0.3878481,0.589741
s06_0train_r3_t35,6,0train,3,35,2,68638,False,loso_s6,20260924,2,4,0.0044929106,0.021447135,0.29863283,0.67542714
s06_0train_r3_t36,6,0train,3,36,3,70702,False,loso_s6,20260924,3,3,0.0009043371,0.08330846,0.50663084,0.40915635
s06_0train_r3_t37,6,0train,3,37,1,72722,False,loso_s6,20260924,1,2,0.054411747,0.4023228,0.3060554,0.23721004
s06_0train_r3_t38,6,0train,3,38,2,74694,True,loso_s6,20260924,2,4,0.0019524032,0.1421368,0.38478908,0.47112167
s06_0train_r3_t39,6,0train,3,39,1,76657,False,loso_s6,20260924,1,3,0.07177735,0.118196785,0.45564848,0.35437736
s06_0train_r3_t40,6,0train,3,40,4,78582,False,loso_s6,20260924,4,3,0.008175647,0.01823129,0.6334464,0.3401467
s06_0train_r3_t41,6,0train,3,41,4,80663,False,loso_s6,20260924,4,3,0.002778242,0.1948637,0.40487733,0.39748076
s06_0train_r3_t42,6,0train,3,42,3,82641,False,loso_s6,20260924,3,4,0.000218843,0.014452147,0.03945549,0.9458735
s06_0train_r3_t43,6,0train,3,43,3,84631,True,loso_s6,20260924,3,4,0.0026480486,0.095324814,0.41176698,0.49026015
s06_0train_r3_t44,6,0train,3,44,2,86750,False,loso_s6,20260924,2,2,0.03237428,0.4581254,0.2524844,0.25701585
s06_0train_r3_t45,6,0train,3,45,2,88656,False,loso_s6,20260924,2,4,0.0024688358,0.06129362,0.34908015,0.58715737
s06_0train_r3_t46,6,0train,3,46,1,90584,False,loso_s6,20260924,1,4,0.045851212,0.10604831,0.20062394,0.64747655
s06_0train_r3_t47,6,0train,3,47,3,92698,False,loso_s6,20260924,3,3,0.0020889796,0.028832324,0.55024034,0.41883838
s06_0train_r3_t48,6,0train,3,48,3,94757,True,loso_s6,20260924,3,2,0.0045310333,0.5594762,0.19954483,0.23644796
s06_0train_r4_t01,6,0train,4,1,4,250,False,loso_s6,20260924,4,4,0.006686265,0.001362781,0.24741471,0.7445362
s06_0train_r4_t02,6,0train,4,2,1,2253,False,loso_s6,20260924,1,3,0.35169768,0.0132052405,0.3781909,0.25690612
s06_0train_r4_t03,6,0train,4,3,3,4171,True,loso_s6,20260924,3,4,0.0008936862,0.005297863,0.40496138,0.5888471
s06_0train_r4_t04,6,0train,4,4,4,6123,False,loso_s6,20260924,4,3,0.012681236,0.012998954,0.5808233,0.3934965
s06_0train_r4_t05,6,0train,4,5,2,8131,False,loso_s6,20260924,2,2,0.0060165306,0.48364246,0.2873011,0.22303985
s06_0train_r4_t06,6,0train,4,6,2,10242,False,loso_s6,20260924,2,4,0.0003791742,0.07154165,0.31650448,0.61157465
s06_0train_r4_t07,6,0train,4,7,3,12159,False,loso_s6,20260924,3,3,0.014466147,0.04660052,0.5907504,0.348183
s06_0train_r4_t08,6,0train,4,8,3,14209,True,loso_s6,20260924,3,3,0.0017457193,0.03315486,0.48918188,0.47591752
s06_0train_r4_t09,6,0train,4,9,1,16140,False,loso_s6,20260924,1,3,0.04811197,0.18411326,0.51186025,0.25591454
s06_0train_r4_t10,6,0train,4,10,1,18138,False,loso_s6,20260924,1,4,0.010563248,0.033412695,0.41600415,0.54001987
s06_0train_r4_t11,6,0train,4,11,2,20044,False,loso_s6,20260924,2,3,0.0067060064,0.31835175,0.3576652,0.31727707
s06_0train_r4_t12,6,0train,4,12,2,21939,False,loso_s6,20260924,2,3,0.025072763,0.30242985,0.35384813,0.31864926
s06_0train_r4_t13,6,0train,4,13,1,23911,False,loso_s6,20260924,1,3,0.0035752435,0.108163275,0.64734983,0.24091169
s06_0train_r4_t14,6,0train,4,14,4,25855,False,loso_s6,20260924,4,4,0.0080500925,0.010184159,0.3774042,0.60436153
s06_0train_r4_t15,6,0train,4,15,1,27822,True,loso_s6,20260924,1,3,0.37320802,0.05658955,0.4104102,0.1597922
s06_0train_r4_t16,6,0train,4,16,2,29942,False,loso_s6,20260924,2,2,0.011977442,0.44579172,0.43135533,0.11087551
s06_0train_r4_t17,6,0train,4,17,3,31950,False,loso_s6,20260924,3,4,0.001994625,0.014120094,0.29645294,0.6874323
s06_0train_r4_t18,6,0train,4,18,1,34016,True,loso_s6,20260924,1,3,0.010164233,0.07459399,0.48178864,0.43345317
s06_0train_r4_t19,6,0train,4,19,4,36052,False,loso_s6,20260924,4,4,0.000452466,0.02350543,0.32774964,0.6482924
s06_0train_r4_t20,6,0train,4,20,2,38118,False,loso_s6,20260924,2,2,0.0006073694,0.4177535,0.18967448,0.39196467
s06_0train_r4_t21,6,0train,4,21,2,40188,False,loso_s6,20260924,2,3,0.0040302016,0.03826115,0.53815186,0.41955677
s06_0train_r4_t22,6,0train,4,22,2,42268,False,loso_s6,20260924,2,4,0.0010963787,0.2737354,0.28884956,0.43631858
s06_0train_r4_t23,6,0train,4,23,1,44180,False,loso_s6,20260924,1,1,0.44491038,0.035097115,0.37504163,0.14495085
s06_0train_r4_t24,6,0train,4,24,2,46211,False,loso_s6,20260924,2,4,0.00083460537,0.3798732,0.21029359,0.40899864
s06_0train_r4_t25,6,0train,4,25,2,48164,False,loso_s6,20260924,2,3,0.004970866,0.09843365,0.4718307,0.4247648
s06_0train_r4_t26,6,0train,4,26,1,50125,False,loso_s6,20260924,1,3,0.024144854,0.17320952,0.5321292,0.27051637
s06_0train_r4_t27,6,0train,4,27,4,52229,False,loso_s6,20260924,4,4,0.0072998805,0.033878792,0.29105246,0.6677689
s06_0train_r4_t28,6,0train,4,28,4,54233,False,loso_s6,20260924,4,4,0.08940086,0.0018732889,0.25094917,0.65777665
s06_0train_r4_t29,6,0train,4,29,4,56208,False,loso_s6,20260924,4,4,0.0013397973,0.22855137,0.2157411,0.5543678
s06_0train_r4_t30,6,0train,4,30,1,58234,True,loso_s6,20260924,1,3,0.03799631,0.0039713206,0.548815,0.40921736
s06_0train_r4_t31,6,0train,4,31,1,60305,False,loso_s6,20260924,1,4,0.13334176,0.070776604,0.39361662,0.40226498
s06_0train_r4_t32,6,0train,4,32,3,62412,False,loso_s6,20260924,3,4,0.002837005,0.0694766,0.23558864,0.6920977
s06_0train_r4_t33,6,0train,4,33,4,64504,False,loso_s6,20260924,4,4,0.0050729583,0.09310175,0.23774727,0.664078
s06_0train_r4_t34,6,0train,4,34,4,66595,False,loso_s6,20260924,4,3,0.049932074,0.083857335,0.63083196,0.2353786
s06_0train_r4_t35,6,0train,4,35,3,68638,False,loso_s6,20260924,3,4,0.006825589,0.15397558,0.31238523,0.52681357
s06_0train_r4_t36,6,0train,4,36,2,70702,False,loso_s6,20260924,2,4,0.00047797346,0.2343052,0.37385845,0.39135835
s06_0train_r4_t37,6,0train,4,37,3,72722,False,loso_s6,20260924,3,3,0.002914004,0.31282976,0.4266044,0.25765187
s06_0train_r4_t38,6,0train,4,38,4,74694,False,loso_s6,20260924,4,4,0.0003106243,0.36143404,0.18111223,0.4571431
s06_0train_r4_t39,6,0train,4,39,4,76657,True,loso_s6,20260924,4,3,0.12376942,0.13172348,0.4025644,0.3419428
s06_0train_r4_t40,6,0train,4,40,1,78582,False,loso_s6,20260924,1,4,0.008226699,0.16851033,0.26821774,0.55504525
s06_0train_r4_t41,6,0train,4,41,3,80663,False,loso_s6,20260924,3,2,0.16795518,0.37728047,0.26556474,0.18919964
s06_0train_r4_t42,6,0train,4,42,3,82641,False,loso_s6,20260924,3,4,0.002435097,0.041698575,0.42609,0.5297763
s06_0train_r4_t43,6,0train,4,43,3,84631,False,loso_s6,20260924,3,4,0.00031610005,0.25181624,0.29101872,0.4568489
s06_0train_r4_t44,6,0train,4,44,3,86750,False,loso_s6,20260924,3,4,0.0023072036,0.032734532,0.30489022,0.6600681
s06_0train_r4_t45,6,0train,4,45,1,88656,False,loso_s6,20260924,1,3,0.11001674,0.32081714,0.33789253,0.23127353
s06_0train_r4_t46,6,0train,4,46,3,90584,False,loso_s6,20260924,3,4,0.009292155,0.080073975,0.14864625,0.7619875
s06_0train_r4_t47,6,0train,4,47,2,92698,False,loso_s6,20260924,2,2,0.045773,0.41447407,0.15170853,0.3880444
s06_0train_r4_t48,6,0train,4,48,4,94757,True,loso_s6,20260924,4,4,0.02167284,0.0879631,0.23086786,0.6594962
s06_0train_r5_t01,6,0train,5,1,1,250,False,loso_s6,20260924,1,3,0.13879436,0.23711632,0.32393757,0.3001517
s06_0train_r5_t02,6,0train,5,2,1,2253,False,loso_s6,20260924,1,3,0.0108403275,0.040002275,0.49838743,0.45077002
s06_0train_r5_t03,6,0train,5,3,3,4171,False,loso_s6,20260924,3,4,0.010318399,0.011703201,0.4302296,0.5477488
s06_0train_r5_t04,6,0train,5,4,3,6123,False,loso_s6,20260924,3,4,0.009517878,0.033076763,0.4534965,0.5039089
s06_0train_r5_t05,6,0train,5,5,1,8131,False,loso_s6,20260924,1,3,0.008768171,0.3382364,0.35478556,0.29820985
s06_0train_r5_t06,6,0train,5,6,3,10242,False,loso_s6,20260924,3,4,0.09597131,0.12980284,0.23980062,0.53442526
s06_0train_r5_t07,6,0train,5,7,3,12159,False,loso_s6,20260924,3,4,0.008180479,0.22166379,0.19632572,0.57383
s06_0train_r5_t08,6,0train,5,8,4,14209,False,loso_s6,20260924,4,4,0.006820506,0.05988236,0.2223997,0.71089745
s06_0train_r5_t09,6,0train,5,9,2,16140,False,loso_s6,20260924,2,4,0.004442817,0.03756875,0.4713286,0.48665982
s06_0train_r5_t10,6,0train,5,10,2,18138,False,loso_s6,20260924,2,4,0.040334698,0.20817895,0.13977183,0.61171454
s06_0train_r5_t11,6,0train,5,11,4,20044,False,loso_s6,20260924,4,3,0.021445991,0.33493003,0.4363255,0.20729847
s06_0train_r5_t12,6,0train,5,12,2,21939,False,loso_s6,20260924,2,2,0.0065437173,0.4257745,0.3658005,0.20188127
s06_0train_r5_t13,6,0train,5,13,3,23911,True,loso_s6,20260924,3,4,0.0073641255,0.19872221,0.32601595,0.4678977
s06_0train_r5_t14,6,0train,5,14,4,25855,False,loso_s6,20260924,4,3,0.009103928,0.23497109,0.41095516,0.34496984
s06_0train_r5_t15,6,0train,5,15,3,27822,False,loso_s6,20260924,3,4,0.0020187546,0.044744547,0.24505395,0.70818275
s06_0train_r5_t16,6,0train,5,16,2,29942,False,loso_s6,20260924,2,4,0.03975327,0.15156782,0.3030169,0.505662
s06_0train_r5_t17,6,0train,5,17,1,31950,True,loso_s6,20260924,1,3,0.018678222,0.23896393,0.3900035,0.35235435
s06_0train_r5_t18,6,0train,5,18,2,34016,False,loso_s6,20260924,2,4,0.012306118,0.12464427,0.40915182,0.45389777
s06_0train_r5_t19,6,0train,5,19,4,36052,False,loso_s6,20260924,4,4,0.0028398016,0.11976066,0.34324405,0.5341555
s06_0train_r5_t20,6,0train,5,20,1,38118,False,loso_s6,20260924,1,3,0.046133745,0.3089717,0.33351758,0.31137696
s06_0train_r5_t21,6,0train,5,21,3,40188,True,loso_s6,20260924,3,3,0.003553487,0.26422137,0.3773305,0.35489464
s06_0train_r5_t22,6,0train,5,22,2,42268,True,loso_s6,20260924,2,2,0.013877396,0.49601814,0.26950404,0.22060046
s06_0train_r5_t23,6,0train,5,23,3,44180,True,loso_s6,20260924,3,4,0.04689389,0.037045673,0.45273584,0.46332467
s06_0train_r5_t24,6,0train,5,24,4,46211,True,loso_s6,20260924,4,2,0.012939236,0.41286397,0.33556348,0.23863338
s06_0train_r5_t25,6,0train,5,25,1,48164,True,loso_s6,20260924,1,4,0.21960479,0.0416318,0.25317505,0.48558837
s06_0train_r5_t26,6,0train,5,26,1,50125,False,loso_s6,20260924,1,4,0.003611218,0.011475268,0.11044421,0.8744693
s06_0train_r5_t27,6,0train,5,27,2,52229,True,loso_s6,20260924,2,2,0.0014525121,0.42704412,0.41327065,0.15823266
s06_0train_r5_t28,6,0train,5,28,4,54233,True,loso_s6,20260924,4,4,0.0038938173,0.089518115,0.44124088,0.46534723
s06_0train_r5_t29,6,0train,5,29,1,56208,False,loso_s6,20260924,1,4,0.011177078,0.2557205,0.35746324,0.37563914
s06_0train_r5_t30,6,0train,5,30,4,58234,False,loso_s6,20260924,4,4,0.013199463,0.31511134,0.2526678,0.4190214
s06_0train_r5_t31,6,0train,5,31,2,60305,True,loso_s6,20260924,2,2,0.2570449,0.3373958,0.1916213,0.21393803
s06_0train_r5_t32,6,0train,5,32,2,62412,False,loso_s6,20260924,2,3,0.0010695722,0.33318564,0.3761725,0.28957236
s06_0train_r5_t33,6,0train,5,33,3,64504,True,loso_s6,20260924,3,2,0.01641767,0.40399605,0.1792127,0.4003736
s06_0train_r5_t34,6,0train,5,34,3,66595,True,loso_s6,20260924,3,3,0.0077413353,0.23763265,0.5038186,0.25080743
s06_0train_r5_t35,6,0train,5,35,4,68638,False,loso_s6,20260924,4,4,0.0003570287,0.046382036,0.35059214,0.6026688
s06_0train_r5_t36,6,0train,5,36,4,70702,False,loso_s6,20260924,4,4,0.027493235,0.2570632,0.19870242,0.5167411
s06_0train_r5_t37,6,0train,5,37,3,72722,True,loso_s6,20260924,3,3,0.00829723,0.099277526,0.45669925,0.435726
s06_0train_r5_t38,6,0train,5,38,1,74694,True,loso_s6,20260924,1,2,0.020693168,0.46206605,0.3168827,0.20035814
s06_0train_r5_t39,6,0train,5,39,1,76657,False,loso_s6,20260924,1,3,0.2882504,0.057324518,0.34826952,0.30615553
s06_0train_r5_t40,6,0train,5,40,2,78582,False,loso_s6,20260924,2,2,0.088065036,0.43946043,0.2018399,0.2706347
s06_0train_r5_t41,6,0train,5,41,1,80663,True,loso_s6,20260924,1,2,0.0026984517,0.78091305,0.116340145,0.100048326
s06_0train_r5_t42,6,0train,5,42,4,82641,False,loso_s6,20260924,4,4,0.007268233,0.039163526,0.40079787,0.5527704
s06_0train_r5_t43,6,0train,5,43,2,84631,False,loso_s6,20260924,2,2,0.00089534285,0.53996366,0.15790895,0.3012321
s06_0train_r5_t44,6,0train,5,44,4,86750,True,loso_s6,20260924,4,2,0.033096597,0.44247952,0.33020303,0.19422083
s06_0train_r5_t45,6,0train,5,45,4,88656,False,loso_s6,20260924,4,4,0.07859662,0.21568725,0.3267036,0.37901244
s06_0train_r5_t46,6,0train,5,46,1,90584,True,loso_s6,20260924,1,1,0.29412103,0.1925419,0.2689854,0.24435166
s06_0train_r5_t47,6,0train,5,47,2,92698,True,loso_s6,20260924,2,4,0.039653983,0.021837361,0.3911034,0.5474053
s06_0train_r5_t48,6,0train,5,48,3,94757,True,loso_s6,20260924,3,4,0.0019821774,0.004800034,0.27490726,0.7183105
s06_1test_r0_t01,6,1test,0,1,1,250,False,loso_s6,20260924,1,3,0.059580244,0.13490242,0.52362883,0.28188848
s06_1test_r0_t02,6,1test,0,2,2,2253,False,loso_s6,20260924,2,2,0.044282317,0.4907003,0.30320185,0.16181552
s06_1test_r0_t03,6,1test,0,3,2,4171,False,loso_s6,20260924,2,2,0.015803713,0.47093222,0.23171364,0.28155044
s06_1test_r0_t04,6,1test,0,4,1,6123,False,loso_s6,20260924,1,4,0.05617352,0.05986233,0.32914796,0.5548162
s06_1test_r0_t05,6,1test,0,5,2,8131,True,loso_s6,20260924,2,4,0.003800874,0.06335473,0.36837232,0.56447214
s06_1test_r0_t06,6,1test,0,6,1,10242,False,loso_s6,20260924,1,2,0.21436983,0.33923882,0.23694466,0.2094467
s06_1test_r0_t07,6,1test,0,7,2,12159,False,loso_s6,20260924,2,3,0.031134821,0.31299707,0.33972225,0.3161459
s06_1test_r0_t08,6,1test,0,8,3,14209,False,loso_s6,20260924,3,4,0.0149571095,0.022275543,0.43330792,0.5294594
s06_1test_r0_t09,6,1test,0,9,2,16140,False,loso_s6,20260924,2,3,0.008732522,0.07400487,0.5200938,0.3971688
s06_1test_r0_t10,6,1test,0,10,4,18138,False,loso_s6,20260924,4,3,0.0045108134,0.007521465,0.5878222,0.40014562
s06_1test_r0_t11,6,1test,0,11,1,20044,False,loso_s6,20260924,1,3,0.19908682,0.03723374,0.47773635,0.28594312
s06_1test_r0_t12,6,1test,0,12,3,21939,False,loso_s6,20260924,3,3,0.047245722,0.020606691,0.4927422,0.43940535
s06_1test_r0_t13,6,1test,0,13,2,23911,False,loso_s6,20260924,2,2,0.01750973,0.36293215,0.34243014,0.277128
s06_1test_r0_t14,6,1test,0,14,1,25855,False,loso_s6,20260924,1,4,0.16843255,0.18418269,0.31557736,0.33180746
s06_1test_r0_t15,6,1test,0,15,4,27822,False,loso_s6,20260924,4,3,0.003765409,0.117261864,0.5961503,0.28282243
s06_1test_r0_t16,6,1test,0,16,4,29942,False,loso_s6,20260924,4,3,0.05599943,0.012701011,0.47933507,0.4519645
s06_1test_r0_t17,6,1test,0,17,4,31950,False,loso_s6,20260924,4,3,0.005798946,0.11976726,0.49330756,0.38112622
s06_1test_r0_t18,6,1test,0,18,4,34016,False,loso_s6,20260924,4,4,0.0012664679,0.03101047,0.14818522,0.8195379
s06_1test_r0_t19,6,1test,0,19,4,36052,False,loso_s6,20260924,4,3,0.034785185,0.082040176,0.5054239,0.37775072
s06_1test_r0_t20,6,1test,0,20,1,38118,True,loso_s6,20260924,1,1,0.38434675,0.060262434,0.3524606,0.20293029
s06_1test_r0_t21,6,1test,0,21,3,40188,False,loso_s6,20260924,3,2,0.00521105,0.4268304,0.31947458,0.24848394
s06_1test_r0_t22,6,1test,0,22,2,42268,False,loso_s6,20260924,2,3,0.000868147,0.33468848,0.3392104,0.32523298
s06_1test_r0_t23,6,1test,0,23,1,44180,False,loso_s6,20260924,1,3,0.038204484,0.111554764,0.45661673,0.39362404
s06_1test_r0_t24,6,1test,0,24,1,46211,False,loso_s6,20260924,1,4,0.049905982,0.04323267,0.41930515,0.4875562
s06_1test_r0_t25,6,1test,0,25,3,48164,False,loso_s6,20260924,3,3,0.007358741,0.14037575,0.54784125,0.30442426
s06_1test_r0_t26,6,1test,0,26,4,50125,False,loso_s6,20260924,4,4,0.035900746,0.046444017,0.446352,0.47130325
s06_1test_r0_t27,6,1test,0,27,1,52229,False,loso_s6,20260924,1,3,0.084198736,0.30336666,0.32615444,0.28628016
s06_1test_r0_t28,6,1test,0,28,3,54233,False,loso_s6,20260924,3,3,0.0033987502,0.0956874,0.46622068,0.43469322
s06_1test_r0_t29,6,1test,0,29,3,56208,False,loso_s6,20260924,3,3,0.0018242758,0.1861065,0.4360677,0.37600163
s06_1test_r0_t30,6,1test,0,30,3,58234,False,loso_s6,20260924,3,4,0.0002708727,0.050949126,0.40263867,0.5461413
s06_1test_r0_t31,6,1test,0,31,1,60305,False,loso_s6,20260924,1,3,0.060573358,0.364179,0.42175147,0.1534962
s06_1test_r0_t32,6,1test,0,32,2,62412,True,loso_s6,20260924,2,3,0.019724436,0.31963834,0.3399141,0.32072306
s06_1test_r0_t33,6,1test,0,33,1,64504,False,loso_s6,20260924,1,3,0.13594835,0.022151493,0.49426696,0.34763318
s06_1test_r0_t34,6,1test,0,34,2,66595,False,loso_s6,20260924,2,4,0.019280497,0.28540778,0.274537,0.42077473
s06_1test_r0_t35,6,1test,0,35,2,68638,False,loso_s6,20260924,2,2,0.0061865076,0.41585815,0.24715374,0.33080155
s06_1test_r0_t36,6,1test,0,36,1,70702,False,loso_s6,20260924,1,3,0.05784849,0.23412608,0.44580954,0.2622159
s06_1test_r0_t37,6,1test,0,37,2,72722,False,loso_s6,20260924,2,2,0.008480423,0.66279256,0.19094114,0.13778593
s06_1test_r0_t38,6,1test,0,38,3,74694,False,loso_s6,20260924,3,4,0.0018826298,0.20960201,0.16538309,0.62313235
s06_1test_r0_t39,6,1test,0,39,2,76657,False,loso_s6,20260924,2,4,0.052944932,0.09133931,0.19401602,0.6616997
s06_1test_r0_t40,6,1test,0,40,3,78582,False,loso_s6,20260924,3,4,0.000558938,0.12443501,0.2916807,0.58332545
s06_1test_r0_t41,6,1test,0,41,3,80663,False,loso_s6,20260924,3,3,0.049843814,0.06864246,0.49632758,0.3851862
s06_1test_r0_t42,6,1test,0,42,4,82641,True,loso_s6,20260924,4,2,0.0031235334,0.4066991,0.2869528,0.30322453
s06_1test_r0_t43,6,1test,0,43,3,84631,True,loso_s6,20260924,3,4,0.28645986,0.03384709,0.24193203,0.43776104
s06_1test_r0_t44,6,1test,0,44,3,86750,True,loso_s6,20260924,3,3,0.018826764,0.14206429,0.4519988,0.38711017
s06_1test_r0_t45,6,1test,0,45,4,88656,False,loso_s6,20260924,4,4,0.007528524,0.08542785,0.2966737,0.6103699
s06_1test_r0_t46,6,1test,0,46,4,90584,True,loso_s6,20260924,4,4,0.017144285,0.27242205,0.35314432,0.3572893
s06_1test_r0_t47,6,1test,0,47,4,92698,False,loso_s6,20260924,4,3,0.097209185,0.30322683,0.36781567,0.23174836
s06_1test_r0_t48,6,1test,0,48,4,94757,True,loso_s6,20260924,4,3,0.070700444,0.116803765,0.5124672,0.30002862
s06_1test_r1_t01,6,1test,1,1,4,250,True,loso_s6,20260924,4,4,0.0023830642,0.11699453,0.3485538,0.53206855
s06_1test_r1_t02,6,1test,1,2,3,2253,False,loso_s6,20260924,3,4,0.0021601426,0.18233474,0.36275154,0.4527536
s06_1test_r1_t03,6,1test,1,3,2,4171,False,loso_s6,20260924,2,4,0.014107762,0.17896307,0.31342134,0.49350786
s06_1test_r1_t04,6,1test,1,4,1,6123,False,loso_s6,20260924,1,4,0.19116026,0.0076718777,0.3269319,0.47423595
s06_1test_r1_t05,6,1test,1,5,1,8131,False,loso_s6,20260924,1,3,0.0532314,0.122560605,0.46822843,0.35597956
s06_1test_r1_t06,6,1test,1,6,2,10242,True,loso_s6,20260924,2,3,0.043048188,0.15979576,0.41250372,0.3846524
s06_1test_r1_t07,6,1test,1,7,3,12159,True,loso_s6,20260924,3,4,0.006339868,0.106357686,0.08070072,0.8066017
s06_1test_r1_t08,6,1test,1,8,4,14209,False,loso_s6,20260924,4,3,0.062419474,0.05989145,0.5725587,0.30513033
s06_1test_r1_t09,6,1test,1,9,2,16140,False,loso_s6,20260924,2,3,0.17183492,0.17817307,0.36955366,0.28043833
s06_1test_r1_t10,6,1test,1,10,3,18138,False,loso_s6,20260924,3,3,0.06277404,0.07874306,0.6255834,0.23289946
s06_1test_r1_t11,6,1test,1,11,1,20044,False,loso_s6,20260924,1,3,0.08003407,0.095382705,0.55342066,0.27116254
s06_1test_r1_t12,6,1test,1,12,1,21939,False,loso_s6,20260924,1,3,0.021244576,0.13680702,0.6190897,0.22285871
s06_1test_r1_t13,6,1test,1,13,1,23911,False,loso_s6,20260924,1,3,0.17262608,0.15720026,0.36100903,0.30916467
s06_1test_r1_t14,6,1test,1,14,4,25855,False,loso_s6,20260924,4,3,0.007990429,0.02576494,0.55920964,0.40703496
s06_1test_r1_t15,6,1test,1,15,2,27822,False,loso_s6,20260924,2,3,0.017615119,0.055376027,0.54908,0.37792885
s06_1test_r1_t16,6,1test,1,16,2,29942,False,loso_s6,20260924,2,2,0.0077353744,0.47456884,0.15545717,0.36223865
s06_1test_r1_t17,6,1test,1,17,1,31950,False,loso_s6,20260924,1,4,0.10411602,0.1643004,0.15870959,0.57287395
s06_1test_r1_t18,6,1test,1,18,1,34016,True,loso_s6,20260924,1,3,0.02192072,0.33843756,0.40127403,0.23836763
s06_1test_r1_t19,6,1test,1,19,3,36052,False,loso_s6,20260924,3,3,0.026445627,0.0022843028,0.52038366,0.45088643
s06_1test_r1_t20,6,1test,1,20,1,38118,True,loso_s6,20260924,1,4,0.06833768,0.20541103,0.23584318,0.4904081
s06_1test_r1_t21,6,1test,1,21,2,40188,False,loso_s6,20260924,2,2,0.045506068,0.60276896,0.09170156,0.26002344
s06_1test_r1_t22,6,1test,1,22,4,42268,True,loso_s6,20260924,4,4,0.004388184,0.22463211,0.38329813,0.38768154
s06_1test_r1_t23,6,1test,1,23,4,44180,False,loso_s6,20260924,4,3,0.008447623,0.31624824,0.39831546,0.2769887
s06_1test_r1_t24,6,1test,1,24,3,46211,False,loso_s6,20260924,3,3,0.018505441,0.055734415,0.47827762,0.44748247
s06_1test_r1_t25,6,1test,1,25,1,48164,False,loso_s6,20260924,1,2,0.13894626,0.42023447,0.23954427,0.201275
s06_1test_r1_t26,6,1test,1,26,4,50125,False,loso_s6,20260924,4,3,0.07537296,0.18413071,0.5384899,0.2020064
s06_1test_r1_t27,6,1test,1,27,4,52229,False,loso_s6,20260924,4,3,0.054899286,0.08893804,0.47770572,0.37845698
s06_1test_r1_t28,6,1test,1,28,2,54233,True,loso_s6,20260924,2,2,0.14913416,0.40431824,0.3489108,0.09763682
s06_1test_r1_t29,6,1test,1,29,4,56208,True,loso_s6,20260924,4,3,0.0037408252,0.23237722,0.43578553,0.32809645
s06_1test_r1_t30,6,1test,1,30,4,58234,True,loso_s6,20260924,4,3,0.22400725,0.11551784,0.4356325,0.22484244
s06_1test_r1_t31,6,1test,1,31,2,60305,False,loso_s6,20260924,2,3,0.044287436,0.3175289,0.38545218,0.2527314
s06_1test_r1_t32,6,1test,1,32,1,62412,False,loso_s6,20260924,1,1,0.3142652,0.20621084,0.2602942,0.21922974
s06_1test_r1_t33,6,1test,1,33,2,64504,True,loso_s6,20260924,2,4,0.06578913,0.22266768,0.22212932,0.4894139
s06_1test_r1_t34,6,1test,1,34,3,66595,True,loso_s6,20260924,3,3,0.0017051047,0.37266055,0.37646216,0.24917221
s06_1test_r1_t35,6,1test,1,35,3,68638,True,loso_s6,20260924,3,4,0.013267254,0.046404704,0.3318904,0.6084376
s06_1test_r1_t36,6,1test,1,36,3,70702,False,loso_s6,20260924,3,3,0.10045798,0.16141383,0.5423286,0.1957996
s06_1test_r1_t37,6,1test,1,37,4,72722,False,loso_s6,20260924,4,3,0.0033592072,0.0043486543,0.5375093,0.4547828
s06_1test_r1_t38,6,1test,1,38,3,74694,True,loso_s6,20260924,3,2,0.073089436,0.34593996,0.2352665,0.34570405
s06_1test_r1_t39,6,1test,1,39,1,76657,True,loso_s6,20260924,1,2,0.04825504,0.4123319,0.24279976,0.2966133
s06_1test_r1_t40,6,1test,1,40,4,78582,True,loso_s6,20260924,4,2,0.047170613,0.47538638,0.23805687,0.23938613
s06_1test_r1_t41,6,1test,1,41,2,80663,False,loso_s6,20260924,2,2,0.030962983,0.57291496,0.17927752,0.21684456
s06_1test_r1_t42,6,1test,1,42,3,82641,False,loso_s6,20260924,3,3,0.096149385,0.2936459,0.40162277,0.20858194
s06_1test_r1_t43,6,1test,1,43,2,84631,True,loso_s6,20260924,2,3,0.05411997,0.10158028,0.43582618,0.4084735
s06_1test_r1_t44,6,1test,1,44,3,86750,False,loso_s6,20260924,3,4,0.0036798974,0.05196599,0.29913595,0.6452182
s06_1test_r1_t45,6,1test,1,45,4,88656,True,loso_s6,20260924,4,4,0.20899639,0.25406554,0.23699328,0.29994482
s06_1test_r1_t46,6,1test,1,46,2,90584,True,loso_s6,20260924,2,3,0.045784652,0.2861253,0.38237512,0.28571492
s06_1test_r1_t47,6,1test,1,47,3,92698,True,loso_s6,20260924,3,2,0.08170117,0.47393924,0.22909422,0.21526536
s06_1test_r1_t48,6,1test,1,48,1,94757,True,loso_s6,20260924,1,4,0.017843938,0.10167769,0.23931237,0.641166
s06_1test_r2_t01,6,1test,2,1,1,250,True,loso_s6,20260924,1,3,0.11111864,0.3118028,0.37201107,0.20506749
s06_1test_r2_t02,6,1test,2,2,1,2253,False,loso_s6,20260924,1,4,0.11779832,0.080826536,0.34716356,0.45421156
s06_1test_r2_t03,6,1test,2,3,4,4171,False,loso_s6,20260924,4,4,0.0052061486,0.083919734,0.29975793,0.6111162
s06_1test_r2_t04,6,1test,2,4,2,6123,False,loso_s6,20260924,2,4,0.0014571168,0.03493802,0.471354,0.4922509
s06_1test_r2_t05,6,1test,2,5,1,8131,False,loso_s6,20260924,1,3,0.10009802,0.082429305,0.5451816,0.2722911
s06_1test_r2_t06,6,1test,2,6,3,10242,False,loso_s6,20260924,3,4,0.00014022957,0.00055810047,0.069206,0.9300957
s06_1test_r2_t07,6,1test,2,7,1,12159,False,loso_s6,20260924,1,3,0.042099506,0.14349245,0.4803554,0.33405262
s06_1test_r2_t08,6,1test,2,8,3,14209,False,loso_s6,20260924,3,4,0.0011596151,0.011537038,0.33791253,0.6493909
s06_1test_r2_t09,6,1test,2,9,2,16140,True,loso_s6,20260924,2,3,0.0055442182,0.28461426,0.41099352,0.29884797
s06_1test_r2_t10,6,1test,2,10,4,18138,True,loso_s6,20260924,4,3,0.011728231,0.0023220368,0.59863365,0.3873161
s06_1test_r2_t11,6,1test,2,11,1,20044,True,loso_s6,20260924,1,3,0.24447556,0.06411719,0.4208101,0.27059716
s06_1test_r2_t12,6,1test,2,12,3,21939,True,loso_s6,20260924,3,4,0.04701498,0.022939876,0.33116308,0.5988821
s06_1test_r2_t13,6,1test,2,13,3,23911,True,loso_s6,20260924,3,4,0.010070327,0.07112577,0.24426949,0.67453444
s06_1test_r2_t14,6,1test,2,14,1,25855,False,loso_s6,20260924,1,3,0.10369137,0.025133587,0.5460898,0.32508522
s06_1test_r2_t15,6,1test,2,15,3,27822,False,loso_s6,20260924,3,4,0.0004454508,0.02314034,0.35587883,0.6205354
s06_1test_r2_t16,6,1test,2,16,2,29942,False,loso_s6,20260924,2,3,0.0070163426,0.027368492,0.59475166,0.3708635
s06_1test_r2_t17,6,1test,2,17,4,31950,True,loso_s6,20260924,4,3,0.0030119761,0.2268462,0.4870589,0.28308293
s06_1test_r2_t18,6,1test,2,18,4,34016,True,loso_s6,20260924,4,4,0.015156875,0.027919963,0.44144112,0.515482
s06_1test_r2_t19,6,1test,2,19,4,36052,True,loso_s6,20260924,4,3,0.014706246,0.23904604,0.38851762,0.35773018
s06_1test_r2_t20,6,1test,2,20,3,38118,True,loso_s6,20260924,3,4,0.003493545,0.008109384,0.23152599,0.7568711
s06_1test_r2_t21,6,1test,2,21,1,40188,False,loso_s6,20260924,1,3,0.11302931,0.20020984,0.34429216,0.34246865
s06_1test_r2_t22,6,1test,2,22,4,42268,False,loso_s6,20260924,4,4,0.06773481,0.13263518,0.3993134,0.40031657
s06_1test_r2_t23,6,1test,2,23,2,44180,False,loso_s6,20260924,2,3,0.35456878,0.048833497,0.40024787,0.19634983
s06_1test_r2_t24,6,1test,2,24,4,46211,False,loso_s6,20260924,4,3,0.018588016,0.010938263,0.5715943,0.39887947
s06_1test_r2_t25,6,1test,2,25,2,48164,True,loso_s6,20260924,2,2,0.17414422,0.456083,0.24603558,0.12373718
s06_1test_r2_t26,6,1test,2,26,1,50125,True,loso_s6,20260924,1,4,0.029368902,0.13100135,0.35391554,0.48571423
s06_1test_r2_t27,6,1test,2,27,3,52229,False,loso_s6,20260924,3,2,0.19316022,0.29263845,0.26486006,0.24934125
s06_1test_r2_t28,6,1test,2,28,2,54233,False,loso_s6,20260924,2,4,0.003896179,0.13313797,0.31032562,0.55264026
s06_1test_r2_t29,6,1test,2,29,1,56208,True,loso_s6,20260924,1,2,0.099511996,0.54931015,0.20158498,0.1495929
s06_1test_r2_t30,6,1test,2,30,3,58234,True,loso_s6,20260924,3,4,0.008666666,0.06483436,0.32805604,0.598443
s06_1test_r2_t31,6,1test,2,31,3,60305,False,loso_s6,20260924,3,3,0.0046417476,0.009665937,0.6488547,0.33683765
s06_1test_r2_t32,6,1test,2,32,1,62412,True,loso_s6,20260924,1,4,0.025365071,0.015477884,0.26468816,0.69446886
s06_1test_r2_t33,6,1test,2,33,3,64504,True,loso_s6,20260924,3,4,0.20923957,0.3032099,0.18320967,0.30434087
s06_1test_r2_t34,6,1test,2,34,4,66595,False,loso_s6,20260924,4,4,0.024076609,0.15604489,0.399838,0.42004052
s06_1test_r2_t35,6,1test,2,35,4,68638,True,loso_s6,20260924,4,3,0.013031206,0.2684739,0.38751876,0.33097613
s06_1test_r2_t36,6,1test,2,36,2,70702,True,loso_s6,20260924,2,2,0.0052638496,0.44518843,0.14143637,0.4081114
s06_1test_r2_t37,6,1test,2,37,1,72722,False,loso_s6,20260924,1,4,0.003741494,0.015654864,0.15535164,0.82525206
s06_1test_r2_t38,6,1test,2,38,2,74694,False,loso_s6,20260924,2,4,0.026505224,0.1564491,0.26081306,0.55623263
s06_1test_r2_t39,6,1test,2,39,4,76657,False,loso_s6,20260924,4,4,0.110879876,0.13234755,0.36075664,0.39601594
s06_1test_r2_t40,6,1test,2,40,2,78582,True,loso_s6,20260924,2,3,0.11338087,0.11440154,0.41959938,0.3526182
s06_1test_r2_t41,6,1test,2,41,4,80663,True,loso_s6,20260924,4,3,0.007313714,0.0491884,0.55753314,0.3859647
s06_1test_r2_t42,6,1test,2,42,3,82641,False,loso_s6,20260924,3,4,0.08442212,0.018643836,0.44518894,0.4517451
s06_1test_r2_t43,6,1test,2,43,2,84631,True,loso_s6,20260924,2,2,0.09575552,0.4172677,0.1870682,0.29990864
s06_1test_r2_t44,6,1test,2,44,2,86750,False,loso_s6,20260924,2,4,0.04866597,0.06371828,0.30986857,0.5777472
s06_1test_r2_t45,6,1test,2,45,2,88656,False,loso_s6,20260924,2,2,0.03185612,0.4024764,0.3219436,0.24372382
s06_1test_r2_t46,6,1test,2,46,3,90584,True,loso_s6,20260924,3,4,0.0010610891,0.082087375,0.088382974,0.82846856
s06_1test_r2_t47,6,1test,2,47,4,92698,False,loso_s6,20260924,4,4,0.005271901,0.17212781,0.32998174,0.49261847
s06_1test_r2_t48,6,1test,2,48,1,94757,False,loso_s6,20260924,1,3,0.024271099,0.13579594,0.60589826,0.23403476
s06_1test_r3_t01,6,1test,3,1,2,250,True,loso_s6,20260924,2,3,0.116861075,0.15288064,0.4698443,0.26041397
s06_1test_r3_t02,6,1test,3,2,4,2253,False,loso_s6,20260924,4,4,0.0025561878,0.00033074938,0.25090474,0.74620837
s06_1test_r3_t03,6,1test,3,3,1,4171,False,loso_s6,20260924,1,3,0.070346564,0.023588477,0.68212116,0.22394378
s06_1test_r3_t04,6,1test,3,4,3,6123,False,loso_s6,20260924,3,4,0.0044582738,0.002101208,0.41223195,0.5812085
s06_1test_r3_t05,6,1test,3,5,3,8131,True,loso_s6,20260924,3,4,0.0008431158,0.020438392,0.45735326,0.52136517
s06_1test_r3_t06,6,1test,3,6,4,10242,False,loso_s6,20260924,4,3,0.002796627,0.034399875,0.6522691,0.31053442
s06_1test_r3_t07,6,1test,3,7,1,12159,False,loso_s6,20260924,1,3,0.04145882,0.04728753,0.64538455,0.26586908
s06_1test_r3_t08,6,1test,3,8,1,14209,False,loso_s6,20260924,1,3,0.28594908,0.012909873,0.37983727,0.32130378
s06_1test_r3_t09,6,1test,3,9,3,16140,False,loso_s6,20260924,3,4,0.0012509365,0.050787218,0.21994992,0.72801197
s06_1test_r3_t10,6,1test,3,10,2,18138,False,loso_s6,20260924,2,3,0.14553837,0.11567486,0.46254358,0.2762432
s06_1test_r3_t11,6,1test,3,11,4,20044,False,loso_s6,20260924,4,4,0.0005864978,0.029901871,0.42332512,0.5461865
s06_1test_r3_t12,6,1test,3,12,4,21939,False,loso_s6,20260924,4,4,0.00086573255,0.12821652,0.2958208,0.5750969
s06_1test_r3_t13,6,1test,3,13,4,23911,False,loso_s6,20260924,4,3,0.001279718,0.022532856,0.5415798,0.43460763
s06_1test_r3_t14,6,1test,3,14,2,25855,False,loso_s6,20260924,2,2,0.0046766675,0.5711699,0.20210086,0.22205259
s06_1test_r3_t15,6,1test,3,15,1,27822,False,loso_s6,20260924,1,3,0.18120965,0.09908072,0.45213255,0.26757708
s06_1test_r3_t16,6,1test,3,16,3,29942,False,loso_s6,20260924,3,4,0.0016223955,0.027781114,0.19450788,0.7760886
s06_1test_r3_t17,6,1test,3,17,2,31950,False,loso_s6,20260924,2,4,0.0004669247,0.054933846,0.15482572,0.78977346
s06_1test_r3_t18,6,1test,3,18,4,34016,False,loso_s6,20260924,4,3,0.0019452181,0.0052151247,0.6803563,0.3124833
s06_1test_r3_t19,6,1test,3,19,1,36052,False,loso_s6,20260924,1,4,0.004938907,0.016475644,0.31405255,0.6645329
s06_1test_r3_t20,6,1test,3,20,4,38118,False,loso_s6,20260924,4,4,0.0017174855,0.16987702,0.27696076,0.55144477
s06_1test_r3_t21,6,1test,3,21,3,40188,False,loso_s6,20260924,3,4,0.014255895,0.1554456,0.33987433,0.49042422
s06_1test_r3_t22,6,1test,3,22,2,42268,False,loso_s6,20260924,2,2,0.06424571,0.4905256,0.24037458,0.2048541
s06_1test_r3_t23,6,1test,3,23,4,44180,False,loso_s6,20260924,4,3,0.008398617,0.085147575,0.4903654,0.4160884
s06_1test_r3_t24,6,1test,3,24,4,46211,False,loso_s6,20260924,4,3,0.0037947162,0.011758558,0.6322607,0.352186
s06_1test_r3_t25,6,1test,3,25,1,48164,False,loso_s6,20260924,1,3,0.10576315,0.011140506,0.48940036,0.39369604
s06_1test_r3_t26,6,1test,3,26,2,50125,False,loso_s6,20260924,2,4,0.011178767,0.08017211,0.39581463,0.51283455
s06_1test_r3_t27,6,1test,3,27,2,52229,False,loso_s6,20260924,2,3,0.012295964,0.3036939,0.4784978,0.20551236
s06_1test_r3_t28,6,1test,3,28,3,54233,False,loso_s6,20260924,3,3,0.035387978,0.07448709,0.49565706,0.39446786
s06_1test_r3_t29,6,1test,3,29,4,56208,False,loso_s6,20260924,4,4,0.00023497989,0.36105406,0.1287388,0.50997216
s06_1test_r3_t30,6,1test,3,30,2,58234,False,loso_s6,20260924,2,3,0.00063342316,0.3013479,0.39858225,0.2994365
s06_1test_r3_t31,6,1test,3,31,1,60305,False,loso_s6,20260924,1,4,0.0065809726,0.069196865,0.2503418,0.67388034
s06_1test_r3_t32,6,1test,3,32,1,62412,False,loso_s6,20260924,1,4,0.0005849452,0.0048271557,0.08607313,0.90851474
s06_1test_r3_t33,6,1test,3,33,4,64504,False,loso_s6,20260924,4,2,0.040898528,0.65363586,0.17635258,0.12911306
s06_1test_r3_t34,6,1test,3,34,2,66595,False,loso_s6,20260924,2,3,0.007140352,0.091366194,0.57695353,0.32453987
s06_1test_r3_t35,6,1test,3,35,1,68638,False,loso_s6,20260924,1,4,0.21866798,0.053607147,0.2910927,0.4366322
s06_1test_r3_t36,6,1test,3,36,3,70702,False,loso_s6,20260924,3,3,0.112662174,0.015101621,0.6971325,0.17510366
s06_1test_r3_t37,6,1test,3,37,2,72722,True,loso_s6,20260924,2,3,0.20942977,0.11196359,0.3955504,0.28305623
s06_1test_r3_t38,6,1test,3,38,2,74694,False,loso_s6,20260924,2,3,0.017241137,0.30708402,0.3614911,0.3141838
s06_1test_r3_t39,6,1test,3,39,3,76657,False,loso_s6,20260924,3,4,0.008514524,0.12487908,0.38182926,0.48477715
s06_1test_r3_t40,6,1test,3,40,1,78582,False,loso_s6,20260924,1,2,0.06362375,0.50492764,0.2184222,0.21302643
s06_1test_r3_t41,6,1test,3,41,4,80663,False,loso_s6,20260924,4,3,0.014127458,0.02556099,0.51258916,0.44772235
s06_1test_r3_t42,6,1test,3,42,3,82641,False,loso_s6,20260924,3,3,0.0026990918,0.28863147,0.3551669,0.3535026
s06_1test_r3_t43,6,1test,3,43,3,84631,False,loso_s6,20260924,3,4,0.0010088375,0.055606812,0.17560734,0.767777
s06_1test_r3_t44,6,1test,3,44,3,86750,False,loso_s6,20260924,3,4,0.00041005286,0.01915332,0.2274661,0.7529705
s06_1test_r3_t45,6,1test,3,45,3,88656,False,loso_s6,20260924,3,4,0.0026128455,0.081758864,0.4353085,0.48031977
s06_1test_r3_t46,6,1test,3,46,1,90584,True,loso_s6,20260924,1,4,0.023925204,0.33551338,0.18897325,0.45158812
s06_1test_r3_t47,6,1test,3,47,2,92698,False,loso_s6,20260924,2,4,0.0010153274,0.20576514,0.2782694,0.5149501
s06_1test_r3_t48,6,1test,3,48,1,94757,True,loso_s6,20260924,1,4,0.041507542,0.13956195,0.39824003,0.42069054
s06_1test_r4_t01,6,1test,4,1,2,250,True,loso_s6,20260924,2,3,0.04768588,0.27740216,0.40561593,0.269296
s06_1test_r4_t02,6,1test,4,2,1,2253,True,loso_s6,20260924,1,3,0.0067990767,0.020968882,0.57045364,0.40177843
s06_1test_r4_t03,6,1test,4,3,1,4171,True,loso_s6,20260924,1,3,0.012032164,0.055862516,0.6065922,0.3255131
s06_1test_r4_t04,6,1test,4,4,3,6123,False,loso_s6,20260924,3,4,0.0229724,0.008856416,0.2997176,0.6684535
s06_1test_r4_t05,6,1test,4,5,3,8131,False,loso_s6,20260924,3,4,0.00025166877,0.06510694,0.2016299,0.73301154
s06_1test_r4_t06,6,1test,4,6,2,10242,False,loso_s6,20260924,2,3,0.014832164,0.15133366,0.68839973,0.14543436
s06_1test_r4_t07,6,1test,4,7,3,12159,False,loso_s6,20260924,3,4,0.02115506,0.006617679,0.17072555,0.80150175
s06_1test_r4_t08,6,1test,4,8,4,14209,False,loso_s6,20260924,4,3,0.0038406148,0.018288279,0.50660694,0.47126424
s06_1test_r4_t09,6,1test,4,9,1,16140,True,loso_s6,20260924,1,4,0.11241278,0.011266107,0.32536307,0.55095804
s06_1test_r4_t10,6,1test,4,10,4,18138,False,loso_s6,20260924,4,4,0.012218852,0.092956014,0.33357772,0.5612474
s06_1test_r4_t11,6,1test,4,11,1,20044,False,loso_s6,20260924,1,4,0.004162796,0.01494975,0.15856054,0.82232696
s06_1test_r4_t12,6,1test,4,12,1,21939,False,loso_s6,20260924,1,3,0.006554559,0.16458629,0.45193276,0.37692645
s06_1test_r4_t13,6,1test,4,13,2,23911,False,loso_s6,20260924,2,4,0.009332955,0.012273895,0.05789359,0.9204996
s06_1test_r4_t14,6,1test,4,14,4,25855,False,loso_s6,20260924,4,4,0.049990784,0.06493125,0.37890416,0.50617385
s06_1test_r4_t15,6,1test,4,15,3,27822,False,loso_s6,20260924,3,4,0.030721907,0.10914781,0.3199017,0.54022855
s06_1test_r4_t16,6,1test,4,16,2,29942,False,loso_s6,20260924,2,3,0.009390885,0.10944924,0.56488866,0.31627125
s06_1test_r4_t17,6,1test,4,17,4,31950,False,loso_s6,20260924,4,4,0.00073189026,0.029071031,0.3550205,0.6151766
s06_1test_r4_t18,6,1test,4,18,3,34016,False,loso_s6,20260924,3,3,0.0031386502,0.12406836,0.633605,0.23918805
s06_1test_r4_t19,6,1test,4,19,4,36052,True,loso_s6,20260924,4,2,0.15294075,0.45139873,0.23715219,0.15850833
s06_1test_r4_t20,6,1test,4,20,3,38118,False,loso_s6,20260924,3,4,0.0069649965,0.20927934,0.22914971,0.55460596
s06_1test_r4_t21,6,1test,4,21,4,40188,True,loso_s6,20260924,4,3,0.0025636617,0.15066123,0.4392319,0.4075432
s06_1test_r4_t22,6,1test,4,22,2,42268,False,loso_s6,20260924,2,3,0.039373007,0.3026401,0.42559764,0.23238926
s06_1test_r4_t23,6,1test,4,23,2,44180,False,loso_s6,20260924,2,4,0.0028857216,0.03501479,0.46175522,0.5003443
s06_1test_r4_t24,6,1test,4,24,4,46211,False,loso_s6,20260924,4,3,0.0005738041,0.112338506,0.53634316,0.3507445
s06_1test_r4_t25,6,1test,4,25,1,48164,False,loso_s6,20260924,1,2,0.0048188022,0.56670254,0.19575089,0.23272777
s06_1test_r4_t26,6,1test,4,26,2,50125,False,loso_s6,20260924,2,4,0.007923964,0.05115496,0.38105318,0.55986786
s06_1test_r4_t27,6,1test,4,27,2,52229,False,loso_s6,20260924,2,3,0.03595153,0.026440429,0.7601228,0.17748523
s06_1test_r4_t28,6,1test,4,28,2,54233,False,loso_s6,20260924,2,3,0.023248408,0.16953158,0.5405072,0.26671278
s06_1test_r4_t29,6,1test,4,29,3,56208,False,loso_s6,20260924,3,3,0.004508379,0.026200889,0.53801125,0.43127954
s06_1test_r4_t30,6,1test,4,30,4,58234,False,loso_s6,20260924,4,3,0.038855918,0.113135226,0.45929217,0.38871667
s06_1test_r4_t31,6,1test,4,31,1,60305,False,loso_s6,20260924,1,3,0.0135399895,0.052808963,0.638722,0.29492912
s06_1test_r4_t32,6,1test,4,32,4,62412,False,loso_s6,20260924,4,3,0.07064843,0.044971116,0.5509393,0.33344114
s06_1test_r4_t33,6,1test,4,33,1,64504,False,loso_s6,20260924,1,4,0.018778557,0.21933177,0.27391967,0.48797002
s06_1test_r4_t34,6,1test,4,34,3,66595,True,loso_s6,20260924,3,2,0.0045414614,0.35203004,0.2932165,0.35021204
s06_1test_r4_t35,6,1test,4,35,1,68638,True,loso_s6,20260924,1,3,0.031338,0.029468866,0.7296519,0.20954122
s06_1test_r4_t36,6,1test,4,36,4,70702,True,loso_s6,20260924,4,4,0.0038843912,0.031764597,0.4527226,0.51162845
s06_1test_r4_t37,6,1test,4,37,1,72722,False,loso_s6,20260924,1,2,0.009949151,0.6178671,0.2457057,0.12647805
s06_1test_r4_t38,6,1test,4,38,3,74694,False,loso_s6,20260924,3,4,0.0063909614,0.013712921,0.2503142,0.7295819
s06_1test_r4_t39,6,1test,4,39,1,76657,False,loso_s6,20260924,1,4,0.0013806139,0.04748844,0.12649553,0.82463545
s06_1test_r4_t40,6,1test,4,40,2,78582,True,loso_s6,20260924,2,2,0.27944592,0.40312442,0.21178782,0.10564184
s06_1test_r4_t41,6,1test,4,41,3,80663,False,loso_s6,20260924,3,4,0.15642363,0.039675806,0.2724558,0.5314447
s06_1test_r4_t42,6,1test,4,42,3,82641,True,loso_s6,20260924,3,3,0.03098522,0.13091798,0.45206663,0.38603023
s06_1test_r4_t43,6,1test,4,43,4,84631,True,loso_s6,20260924,4,4,0.19299279,0.025360126,0.34450746,0.43713972
s06_1test_r4_t44,6,1test,4,44,1,86750,True,loso_s6,20260924,1,1,0.43920338,0.032152314,0.3158935,0.21275079
s06_1test_r4_t45,6,1test,4,45,2,88656,False,loso_s6,20260924,2,2,0.006960634,0.45238805,0.26740712,0.27324417
s06_1test_r4_t46,6,1test,4,46,4,90584,False,loso_s6,20260924,4,4,0.040730223,0.032525826,0.36898488,0.5577591
s06_1test_r4_t47,6,1test,4,47,2,92698,True,loso_s6,20260924,2,4,0.034866802,0.053264443,0.3724747,0.5393941
s06_1test_r4_t48,6,1test,4,48,3,94757,False,loso_s6,20260924,3,4,0.00090009003,0.068947256,0.26378158,0.66637105
s06_1test_r5_t01,6,1test,5,1,3,250,True,loso_s6,20260924,3,3,0.014130972,0.08657855,0.6649397,0.23435077
s06_1test_r5_t02,6,1test,5,2,1,2253,True,loso_s6,20260924,1,4,0.05466652,0.13329257,0.3994257,0.41261518
s06_1test_r5_t03,6,1test,5,3,4,4171,False,loso_s6,20260924,4,3,0.0033176825,0.0072333044,0.5556137,0.43383533
s06_1test_r5_t04,6,1test,5,4,2,6123,False,loso_s6,20260924,2,4,0.036343902,0.14168149,0.27713236,0.5448423
s06_1test_r5_t05,6,1test,5,5,4,8131,False,loso_s6,20260924,4,4,0.0067701344,0.1338035,0.29517475,0.5642516
s06_1test_r5_t06,6,1test,5,6,1,10242,False,loso_s6,20260924,1,2,0.021340802,0.64107376,0.1984897,0.13909577
s06_1test_r5_t07,6,1test,5,7,1,12159,False,loso_s6,20260924,1,2,0.002264533,0.43968314,0.25705135,0.30100098
s06_1test_r5_t08,6,1test,5,8,3,14209,False,loso_s6,20260924,3,3,0.023380248,0.034134645,0.60952806,0.33295706
s06_1test_r5_t09,6,1test,5,9,3,16140,False,loso_s6,20260924,3,4,0.011051327,0.22352356,0.27999005,0.48543504
s06_1test_r5_t10,6,1test,5,10,2,18138,False,loso_s6,20260924,2,4,0.0031883793,0.30526784,0.20488136,0.48666242
s06_1test_r5_t11,6,1test,5,11,4,20044,False,loso_s6,20260924,4,3,0.011191701,0.0072384584,0.60382015,0.3777497
s06_1test_r5_t12,6,1test,5,12,2,21939,False,loso_s6,20260924,2,4,0.06035177,0.11574965,0.11210196,0.7117967
s06_1test_r5_t13,6,1test,5,13,2,23911,False,loso_s6,20260924,2,4,0.021526275,0.033618964,0.15166134,0.79319346
s06_1test_r5_t14,6,1test,5,14,1,25855,False,loso_s6,20260924,1,3,0.012285271,0.016720828,0.573768,0.39722592
s06_1test_r5_t15,6,1test,5,15,2,27822,False,loso_s6,20260924,2,4,0.009816211,0.12249287,0.40818805,0.45950282
s06_1test_r5_t16,6,1test,5,16,4,29942,False,loso_s6,20260924,4,4,0.0007073808,0.017911043,0.29422662,0.687155
s06_1test_r5_t17,6,1test,5,17,4,31950,False,loso_s6,20260924,4,4,0.092060916,0.0005142119,0.22451977,0.68290514
s06_1test_r5_t18,6,1test,5,18,2,34016,False,loso_s6,20260924,2,3,0.012673285,0.13821025,0.44849056,0.40062594
s06_1test_r5_t19,6,1test,5,19,2,36052,False,loso_s6,20260924,2,1,0.4220874,0.1005962,0.284433,0.19288339
s06_1test_r5_t20,6,1test,5,20,2,38118,False,loso_s6,20260924,2,4,0.025488539,0.047962394,0.19792792,0.7286211
s06_1test_r5_t21,6,1test,5,21,2,40188,False,loso_s6,20260924,2,4,0.011400216,0.28338823,0.14593382,0.5592778
s06_1test_r5_t22,6,1test,5,22,4,42268,False,loso_s6,20260924,4,3,0.008719365,0.0295971,0.73044205,0.23124151
s06_1test_r5_t23,6,1test,5,23,4,44180,False,loso_s6,20260924,4,3,0.0065015694,0.08837978,0.5286479,0.37647074
s06_1test_r5_t24,6,1test,5,24,3,46211,False,loso_s6,20260924,3,4,0.000771346,0.05285159,0.42571378,0.5206633
s06_1test_r5_t25,6,1test,5,25,4,48164,False,loso_s6,20260924,4,4,0.00056476897,0.026261916,0.45239404,0.5207793
s06_1test_r5_t26,6,1test,5,26,1,50125,False,loso_s6,20260924,1,3,0.06695105,0.02736722,0.45720953,0.44847226
s06_1test_r5_t27,6,1test,5,27,2,52229,False,loso_s6,20260924,2,4,0.045440644,0.079347864,0.41533896,0.45987254
s06_1test_r5_t28,6,1test,5,28,3,54233,False,loso_s6,20260924,3,3,0.009790577,0.107008785,0.55966955,0.32353106
s06_1test_r5_t29,6,1test,5,29,2,56208,False,loso_s6,20260924,2,2,0.022628406,0.41765308,0.24320392,0.3165146
s06_1test_r5_t30,6,1test,5,30,1,58234,False,loso_s6,20260924,1,4,0.007823196,0.013639207,0.25728214,0.7212554
s06_1test_r5_t31,6,1test,5,31,4,60305,False,loso_s6,20260924,4,4,0.018974405,0.112194106,0.37792373,0.49090776
s06_1test_r5_t32,6,1test,5,32,1,62412,False,loso_s6,20260924,1,3,0.012263721,0.2797973,0.48351133,0.2244276
s06_1test_r5_t33,6,1test,5,33,4,64504,False,loso_s6,20260924,4,4,0.0035102516,0.28255624,0.33489805,0.37903544
s06_1test_r5_t34,6,1test,5,34,1,66595,False,loso_s6,20260924,1,2,0.014366882,0.488385,0.19661896,0.30062914
s06_1test_r5_t35,6,1test,5,35,1,68638,False,loso_s6,20260924,1,4,0.1564402,0.050097372,0.28853497,0.50492746
s06_1test_r5_t36,6,1test,5,36,1,70702,True,loso_s6,20260924,1,3,0.0062318784,0.11105967,0.4493708,0.43333772
s06_1test_r5_t37,6,1test,5,37,1,72722,False,loso_s6,20260924,1,3,0.024992857,0.10997429,0.44831866,0.4167142
s06_1test_r5_t38,6,1test,5,38,3,74694,False,loso_s6,20260924,3,3,0.14381254,0.026366537,0.43361247,0.39620844
s06_1test_r5_t39,6,1test,5,39,3,76657,True,loso_s6,20260924,3,3,0.19341746,0.20977408,0.36221728,0.23459123
s06_1test_r5_t40,6,1test,5,40,4,78582,False,loso_s6,20260924,4,3,0.005088511,0.025408752,0.59040964,0.3790931
s06_1test_r5_t41,6,1test,5,41,2,80663,False,loso_s6,20260924,2,3,0.028204834,0.34540853,0.36462647,0.26176023
s06_1test_r5_t42,6,1test,5,42,3,82641,False,loso_s6,20260924,3,4,0.0013623703,0.0075341933,0.3277427,0.6633607
s06_1test_r5_t43,6,1test,5,43,3,84631,False,loso_s6,20260924,3,1,0.45227,0.12950765,0.23310621,0.18511616
s06_1test_r5_t44,6,1test,5,44,3,86750,False,loso_s6,20260924,3,4,0.0462369,0.11586869,0.31888533,0.5190091
s06_1test_r5_t45,6,1test,5,45,4,88656,False,loso_s6,20260924,4,3,0.21205172,0.04259992,0.37932307,0.36602536
s06_1test_r5_t46,6,1test,5,46,3,90584,False,loso_s6,20260924,3,4,0.017975546,0.024245264,0.3104291,0.64735013
s06_1test_r5_t47,6,1test,5,47,1,92698,False,loso_s6,20260924,1,3,0.012667717,0.19272636,0.47532716,0.3192787
s06_1test_r5_t48,6,1test,5,48,3,94757,False,loso_s6,20260924,3,4,0.037987966,0.02766311,0.37200314,0.5623458
