experiment_id,condition,sample_id,subject,session,run,trial,label,event_sample,artifact_flagged,fold,y_true,y_pred,p_class_1,p_class_2,p_class_3,p_class_4
Q10-A001,BROAD_LOGE_MDM,s06_0train_r0_t01,6,0train,0,1,4,250,False,loso_s6,4,4,0.202946697347,0.222674389655,0.27581903965,0.298559873347
Q10-A001,BROAD_LOGE_MDM,s06_0train_r0_t02,6,0train,0,2,2,2253,False,loso_s6,2,3,0.210751879402,0.236410891929,0.280186869989,0.272650358679
Q10-A001,BROAD_LOGE_MDM,s06_0train_r0_t03,6,0train,0,3,2,4171,False,loso_s6,2,4,0.183287122074,0.219371680257,0.284048754023,0.313292443646
Q10-A001,BROAD_LOGE_MDM,s06_0train_r0_t04,6,0train,0,4,1,6123,False,loso_s6,1,4,0.208457303149,0.231731224974,0.278339322859,0.281472149018
Q10-A001,BROAD_LOGE_MDM,s06_0train_r0_t05,6,0train,0,5,4,8131,False,loso_s6,4,4,0.157924936722,0.195762476895,0.285944143688,0.360368442695
Q10-A001,BROAD_LOGE_MDM,s06_0train_r0_t06,6,0train,0,6,4,10242,False,loso_s6,4,4,0.139122786853,0.175299301145,0.283608960476,0.401968951526
Q10-A001,BROAD_LOGE_MDM,s06_0train_r0_t07,6,0train,0,7,3,12159,False,loso_s6,3,4,0.148838630314,0.19178307263,0.275811881995,0.383566415061
Q10-A001,BROAD_LOGE_MDM,s06_0train_r0_t08,6,0train,0,8,2,14209,False,loso_s6,2,4,0.173388507084,0.211603986739,0.292058229272,0.322949276904
Q10-A001,BROAD_LOGE_MDM,s06_0train_r0_t09,6,0train,0,9,3,16140,False,loso_s6,3,4,0.136235811084,0.173193247362,0.279138239692,0.411432701863
Q10-A001,BROAD_LOGE_MDM,s06_0train_r0_t10,6,0train,0,10,1,18138,False,loso_s6,1,4,0.184513377044,0.211311105716,0.279997596562,0.324177920679
Q10-A001,BROAD_LOGE_MDM,s06_0train_r0_t11,6,0train,0,11,1,20044,False,loso_s6,1,4,0.118201438396,0.153469112799,0.263827543613,0.464501905192
Q10-A001,BROAD_LOGE_MDM,s06_0train_r0_t12,6,0train,0,12,2,21939,False,loso_s6,2,4,0.131536153651,0.177641281582,0.276475063892,0.414347500875
Q10-A001,BROAD_LOGE_MDM,s06_0train_r0_t13,6,0train,0,13,4,23911,False,loso_s6,4,4,0.170268144355,0.203811141497,0.283066003894,0.342854710254
Q10-A001,BROAD_LOGE_MDM,s06_0train_r0_t14,6,0train,0,14,4,25855,False,loso_s6,4,4,0.173149504985,0.209360093208,0.281054527246,0.336435874561
Q10-A001,BROAD_LOGE_MDM,s06_0train_r0_t15,6,0train,0,15,2,27822,False,loso_s6,2,4,0.194842173132,0.225480954509,0.279390830906,0.300286041453
Q10-A001,BROAD_LOGE_MDM,s06_0train_r0_t16,6,0train,0,16,4,29942,False,loso_s6,4,4,0.117178566691,0.153731631115,0.269975567678,0.459114234516
Q10-A001,BROAD_LOGE_MDM,s06_0train_r0_t17,6,0train,0,17,3,31950,False,loso_s6,3,4,0.12326849351,0.168100301965,0.273552585236,0.435078619289
Q10-A001,BROAD_LOGE_MDM,s06_0train_r0_t18,6,0train,0,18,3,34016,False,loso_s6,3,4,0.155705340697,0.199024238797,0.285955861925,0.35931455858
Q10-A001,BROAD_LOGE_MDM,s06_0train_r0_t19,6,0train,0,19,3,36052,False,loso_s6,3,4,0.142478399786,0.18596511398,0.264697027082,0.406859459152
Q10-A001,BROAD_LOGE_MDM,s06_0train_r0_t20,6,0train,0,20,1,38118,False,loso_s6,1,4,0.173412813531,0.2045255181,0.28283298221,0.339228686158
Q10-A001,BROAD_LOGE_MDM,s06_0train_r0_t21,6,0train,0,21,3,40188,False,loso_s6,3,4,0.168062467889,0.207310943065,0.272922160074,0.351704428972
Q10-A001,BROAD_LOGE_MDM,s06_0train_r0_t22,6,0train,0,22,1,42268,False,loso_s6,1,4,0.0881826367615,0.132974802382,0.259352610054,0.519489950802
Q10-A001,BROAD_LOGE_MDM,s06_0train_r0_t23,6,0train,0,23,3,44180,False,loso_s6,3,4,0.110488861015,0.15414779894,0.271826410223,0.463536929821
Q10-A001,BROAD_LOGE_MDM,s06_0train_r0_t24,6,0train,0,24,3,46211,False,loso_s6,3,4,0.15358196964,0.198673915223,0.284368543315,0.363375571823
Q10-A001,BROAD_LOGE_MDM,s06_0train_r0_t25,6,0train,0,25,1,48164,False,loso_s6,1,4,0.187745144687,0.221867361594,0.278282038943,0.312105454776
Q10-A001,BROAD_LOGE_MDM,s06_0train_r0_t26,6,0train,0,26,1,50125,False,loso_s6,1,4,0.153779004265,0.19488776185,0.2843824298,0.366950804084
Q10-A001,BROAD_LOGE_MDM,s06_0train_r0_t27,6,0train,0,27,2,52229,False,loso_s6,2,4,0.168396346923,0.217127914534,0.283112835719,0.331362902824
Q10-A001,BROAD_LOGE_MDM,s06_0train_r0_t28,6,0train,0,28,2,54233,False,loso_s6,2,4,0.116870754977,0.166095471338,0.274073027532,0.442960746153
Q10-A001,BROAD_LOGE_MDM,s06_0train_r0_t29,6,0train,0,29,1,56208,False,loso_s6,1,4,0.129648192996,0.166041392546,0.274149444845,0.430160969613
Q10-A001,BROAD_LOGE_MDM,s06_0train_r0_t30,6,0train,0,30,3,58234,False,loso_s6,3,4,0.139263127589,0.178685923391,0.281456353436,0.400594595585
Q10-A001,BROAD_LOGE_MDM,s06_0train_r0_t31,6,0train,0,31,2,60305,False,loso_s6,2,4,0.13831062004,0.181387397419,0.283034049787,0.397267932754
Q10-A001,BROAD_LOGE_MDM,s06_0train_r0_t32,6,0train,0,32,4,62412,False,loso_s6,4,4,0.12651538796,0.165888302614,0.2737377037,0.433858605726
Q10-A001,BROAD_LOGE_MDM,s06_0train_r0_t33,6,0train,0,33,4,64504,False,loso_s6,4,4,0.185743501738,0.215295439841,0.283523320342,0.315437738079
Q10-A001,BROAD_LOGE_MDM,s06_0train_r0_t34,6,0train,0,34,1,66595,False,loso_s6,1,4,0.163746172926,0.20752005893,0.280826681366,0.347907086778
Q10-A001,BROAD_LOGE_MDM,s06_0train_r0_t35,6,0train,0,35,4,68638,True,loso_s6,4,4,0.155504406699,0.19302408763,0.287274701055,0.364196804617
Q10-A001,BROAD_LOGE_MDM,s06_0train_r0_t36,6,0train,0,36,1,70702,False,loso_s6,1,4,0.167451922938,0.199005564425,0.281939362525,0.351603150112
Q10-A001,BROAD_LOGE_MDM,s06_0train_r0_t37,6,0train,0,37,4,72722,False,loso_s6,4,4,0.165067898934,0.208175820104,0.27667871023,0.350077570732
Q10-A001,BROAD_LOGE_MDM,s06_0train_r0_t38,6,0train,0,38,2,74694,True,loso_s6,2,4,0.165101883033,0.201163138378,0.281248179808,0.352486798781
Q10-A001,BROAD_LOGE_MDM,s06_0train_r0_t39,6,0train,0,39,3,76657,True,loso_s6,3,4,0.117932065066,0.157855224561,0.266770004759,0.457442705614
Q10-A001,BROAD_LOGE_MDM,s06_0train_r0_t40,6,0train,0,40,4,78582,False,loso_s6,4,4,0.135412834847,0.175180142447,0.278460580418,0.410946442289
Q10-A001,BROAD_LOGE_MDM,s06_0train_r0_t41,6,0train,0,41,2,80663,False,loso_s6,2,4,0.169878099667,0.210520456506,0.276643405221,0.342958038607
Q10-A001,BROAD_LOGE_MDM,s06_0train_r0_t42,6,0train,0,42,3,82641,False,loso_s6,3,4,0.1018176859,0.146388955525,0.263454462182,0.488338896394
Q10-A001,BROAD_LOGE_MDM,s06_0train_r0_t43,6,0train,0,43,2,84631,False,loso_s6,2,4,0.138335844647,0.183765532252,0.278097263723,0.399801359379
Q10-A001,BROAD_LOGE_MDM,s06_0train_r0_t44,6,0train,0,44,3,86750,False,loso_s6,3,4,0.183870802011,0.218634413652,0.281623994952,0.315870789385
Q10-A001,BROAD_LOGE_MDM,s06_0train_r0_t45,6,0train,0,45,1,88656,False,loso_s6,1,4,0.182404659011,0.217360156861,0.278482562238,0.321752621889
Q10-A001,BROAD_LOGE_MDM,s06_0train_r0_t46,6,0train,0,46,2,90584,True,loso_s6,2,4,0.175987651679,0.211430196894,0.284769967609,0.327812183818
Q10-A001,BROAD_LOGE_MDM,s06_0train_r0_t47,6,0train,0,47,4,92698,True,loso_s6,4,4,0.102387567891,0.14635602457,0.260706062537,0.490550345002
Q10-A001,BROAD_LOGE_MDM,s06_0train_r0_t48,6,0train,0,48,1,94757,False,loso_s6,1,4,0.200239222112,0.227935064635,0.275535420572,0.296290292681
Q10-A001,BROAD_LOGE_MDM,s06_0train_r1_t01,6,0train,1,1,3,250,True,loso_s6,3,4,0.176901388337,0.206431563461,0.281814105061,0.334852943141
Q10-A001,BROAD_LOGE_MDM,s06_0train_r1_t02,6,0train,1,2,1,2253,False,loso_s6,1,3,0.216545169263,0.239843490163,0.276254418988,0.267356921585
Q10-A001,BROAD_LOGE_MDM,s06_0train_r1_t03,6,0train,1,3,1,4171,True,loso_s6,1,4,0.147060911657,0.18613040604,0.280891904324,0.38591677798
Q10-A001,BROAD_LOGE_MDM,s06_0train_r1_t04,6,0train,1,4,4,6123,False,loso_s6,4,4,0.136963779086,0.174516295026,0.282107574689,0.406412351199
Q10-A001,BROAD_LOGE_MDM,s06_0train_r1_t05,6,0train,1,5,1,8131,False,loso_s6,1,4,0.126646951489,0.168764105777,0.281336788316,0.423252154418
Q10-A001,BROAD_LOGE_MDM,s06_0train_r1_t06,6,0train,1,6,4,10242,False,loso_s6,4,4,0.184574004519,0.216103563814,0.284669383999,0.314653047668
Q10-A001,BROAD_LOGE_MDM,s06_0train_r1_t07,6,0train,1,7,4,12159,False,loso_s6,4,4,0.0970759901652,0.139051406887,0.269307504669,0.494565098279
Q10-A001,BROAD_LOGE_MDM,s06_0train_r1_t08,6,0train,1,8,2,14209,False,loso_s6,2,4,0.157106165737,0.202190527592,0.277811932687,0.362891373984
Q10-A001,BROAD_LOGE_MDM,s06_0train_r1_t09,6,0train,1,9,4,16140,False,loso_s6,4,4,0.116137176429,0.155247102521,0.27518052343,0.45343519762
Q10-A001,BROAD_LOGE_MDM,s06_0train_r1_t10,6,0train,1,10,2,18138,True,loso_s6,2,4,0.189026530253,0.225582643001,0.277038569571,0.308352257175
Q10-A001,BROAD_LOGE_MDM,s06_0train_r1_t11,6,0train,1,11,4,20044,False,loso_s6,4,4,0.1121101307,0.158141760006,0.27156782055,0.458180288744
Q10-A001,BROAD_LOGE_MDM,s06_0train_r1_t12,6,0train,1,12,3,21939,False,loso_s6,3,4,0.116618616246,0.162488830514,0.271868568595,0.449023984646
Q10-A001,BROAD_LOGE_MDM,s06_0train_r1_t13,6,0train,1,13,1,23911,False,loso_s6,1,4,0.169003459132,0.208462342835,0.287382039797,0.335152158236
Q10-A001,BROAD_LOGE_MDM,s06_0train_r1_t14,6,0train,1,14,2,25855,False,loso_s6,2,4,0.141606149815,0.190708728565,0.274066471067,0.393618650553
Q10-A001,BROAD_LOGE_MDM,s06_0train_r1_t15,6,0train,1,15,3,27822,False,loso_s6,3,4,0.148175586758,0.188325252082,0.27779194664,0.38570721452
Q10-A001,BROAD_LOGE_MDM,s06_0train_r1_t16,6,0train,1,16,1,29942,False,loso_s6,1,4,0.153291881793,0.189217323594,0.283419407906,0.374071386707
Q10-A001,BROAD_LOGE_MDM,s06_0train_r1_t17,6,0train,1,17,1,31950,False,loso_s6,1,4,0.144515539119,0.186413114885,0.281601934966,0.38746941103
Q10-A001,BROAD_LOGE_MDM,s06_0train_r1_t18,6,0train,1,18,4,34016,True,loso_s6,4,4,0.16952250615,0.202242791985,0.285106335967,0.343128365897
Q10-A001,BROAD_LOGE_MDM,s06_0train_r1_t19,6,0train,1,19,4,36052,False,loso_s6,4,4,0.0998098921786,0.139986528123,0.263129687531,0.497073892168
Q10-A001,BROAD_LOGE_MDM,s06_0train_r1_t20,6,0train,1,20,2,38118,False,loso_s6,2,4,0.173186938753,0.208994439668,0.283447257928,0.334371363651
Q10-A001,BROAD_LOGE_MDM,s06_0train_r1_t21,6,0train,1,21,1,40188,False,loso_s6,1,4,0.149973205016,0.183393929079,0.281941037293,0.384691828611
Q10-A001,BROAD_LOGE_MDM,s06_0train_r1_t22,6,0train,1,22,3,42268,False,loso_s6,3,4,0.0899705455456,0.1344922627,0.260753911676,0.514783280079
Q10-A001,BROAD_LOGE_MDM,s06_0train_r1_t23,6,0train,1,23,4,44180,False,loso_s6,4,4,0.171084737235,0.214207302343,0.276429953261,0.338278007161
Q10-A001,BROAD_LOGE_MDM,s06_0train_r1_t24,6,0train,1,24,4,46211,False,loso_s6,4,4,0.106342448955,0.151535239878,0.263370446926,0.478751864242
Q10-A001,BROAD_LOGE_MDM,s06_0train_r1_t25,6,0train,1,25,4,48164,False,loso_s6,4,4,0.130308740274,0.168951513528,0.278225215803,0.422514530395
Q10-A001,BROAD_LOGE_MDM,s06_0train_r1_t26,6,0train,1,26,3,50125,False,loso_s6,3,4,0.121122508102,0.161327453548,0.272885730725,0.444664307625
Q10-A001,BROAD_LOGE_MDM,s06_0train_r1_t27,6,0train,1,27,3,52229,True,loso_s6,3,4,0.148719243561,0.187162008857,0.28031055089,0.383808196693
Q10-A001,BROAD_LOGE_MDM,s06_0train_r1_t28,6,0train,1,28,3,54233,True,loso_s6,3,4,0.108251088655,0.153149241472,0.262127087083,0.47647258279
Q10-A001,BROAD_LOGE_MDM,s06_0train_r1_t29,6,0train,1,29,1,56208,False,loso_s6,1,4,0.192473450948,0.223312196015,0.282492089749,0.301722263288
Q10-A001,BROAD_LOGE_MDM,s06_0train_r1_t30,6,0train,1,30,2,58234,True,loso_s6,2,4,0.127672940251,0.168559092938,0.277160852257,0.426607114554
Q10-A001,BROAD_LOGE_MDM,s06_0train_r1_t31,6,0train,1,31,2,60305,False,loso_s6,2,4,0.144178095176,0.187157191328,0.280169613452,0.388495100044
Q10-A001,BROAD_LOGE_MDM,s06_0train_r1_t32,6,0train,1,32,2,62412,False,loso_s6,2,4,0.151276232165,0.191840573832,0.279518239348,0.377364954655
Q10-A001,BROAD_LOGE_MDM,s06_0train_r1_t33,6,0train,1,33,3,64504,False,loso_s6,3,4,0.147265593165,0.181922787143,0.280292030519,0.390519589174
Q10-A001,BROAD_LOGE_MDM,s06_0train_r1_t34,6,0train,1,34,3,66595,True,loso_s6,3,4,0.100072305277,0.139331281928,0.270604554623,0.489991858172
Q10-A001,BROAD_LOGE_MDM,s06_0train_r1_t35,6,0train,1,35,2,68638,False,loso_s6,2,4,0.129328839151,0.174472136187,0.284030668458,0.412168356204
Q10-A001,BROAD_LOGE_MDM,s06_0train_r1_t36,6,0train,1,36,3,70702,True,loso_s6,3,4,0.118099024052,0.162146701508,0.275089082378,0.444665192062
Q10-A001,BROAD_LOGE_MDM,s06_0train_r1_t37,6,0train,1,37,1,72722,False,loso_s6,1,4,0.142785994501,0.182856135409,0.269268976249,0.405088893841
Q10-A001,BROAD_LOGE_MDM,s06_0train_r1_t38,6,0train,1,38,3,74694,False,loso_s6,3,4,0.161867345927,0.196633441493,0.272233755557,0.369265457024
Q10-A001,BROAD_LOGE_MDM,s06_0train_r1_t39,6,0train,1,39,3,76657,True,loso_s6,3,4,0.132705935579,0.174599467655,0.283608763087,0.40908583368
Q10-A001,BROAD_LOGE_MDM,s06_0train_r1_t40,6,0train,1,40,2,78582,False,loso_s6,2,4,0.145087220475,0.185002865905,0.278693635398,0.391216278222
Q10-A001,BROAD_LOGE_MDM,s06_0train_r1_t41,6,0train,1,41,2,80663,False,loso_s6,2,4,0.161767381359,0.203037998244,0.281541191663,0.353653428734
Q10-A001,BROAD_LOGE_MDM,s06_0train_r1_t42,6,0train,1,42,1,82641,True,loso_s6,1,4,0.173524637847,0.202234087899,0.278621198168,0.345620076086
Q10-A001,BROAD_LOGE_MDM,s06_0train_r1_t43,6,0train,1,43,2,84631,False,loso_s6,2,4,0.181468877108,0.214184197425,0.278700179691,0.325646745777
Q10-A001,BROAD_LOGE_MDM,s06_0train_r1_t44,6,0train,1,44,1,86750,True,loso_s6,1,4,0.178097992838,0.211138856182,0.27300120672,0.33776194426
Q10-A001,BROAD_LOGE_MDM,s06_0train_r1_t45,6,0train,1,45,1,88656,True,loso_s6,1,4,0.144309462947,0.180545886949,0.278877333307,0.396267316797
Q10-A001,BROAD_LOGE_MDM,s06_0train_r1_t46,6,0train,1,46,4,90584,True,loso_s6,4,4,0.103650639844,0.146396428833,0.266166025718,0.483786905606
Q10-A001,BROAD_LOGE_MDM,s06_0train_r1_t47,6,0train,1,47,4,92698,False,loso_s6,4,4,0.175729683259,0.21512183275,0.275556628582,0.333591855409
Q10-A001,BROAD_LOGE_MDM,s06_0train_r1_t48,6,0train,1,48,2,94757,True,loso_s6,2,4,0.165385672911,0.21438039163,0.278137733097,0.342096202361
Q10-A001,BROAD_LOGE_MDM,s06_0train_r2_t01,6,0train,2,1,2,250,True,loso_s6,2,4,0.17002082205,0.196399939599,0.273538836197,0.360040402155
Q10-A001,BROAD_LOGE_MDM,s06_0train_r2_t02,6,0train,2,2,4,2253,True,loso_s6,4,4,0.127461005895,0.169346541974,0.269395692295,0.433796759836
Q10-A001,BROAD_LOGE_MDM,s06_0train_r2_t03,6,0train,2,3,1,4171,False,loso_s6,1,4,0.118894891163,0.164835873556,0.276638763437,0.439630471844
Q10-A001,BROAD_LOGE_MDM,s06_0train_r2_t04,6,0train,2,4,4,6123,False,loso_s6,4,4,0.116903698314,0.162670353835,0.28120418985,0.439221758
Q10-A001,BROAD_LOGE_MDM,s06_0train_r2_t05,6,0train,2,5,2,8131,False,loso_s6,2,4,0.150555057537,0.189085830553,0.278115131378,0.382243980532
Q10-A001,BROAD_LOGE_MDM,s06_0train_r2_t06,6,0train,2,6,4,10242,False,loso_s6,4,4,0.107593249979,0.156164191063,0.273640940024,0.462601618934
Q10-A001,BROAD_LOGE_MDM,s06_0train_r2_t07,6,0train,2,7,1,12159,False,loso_s6,1,4,0.162424429153,0.196440575006,0.286758363897,0.354376631944
Q10-A001,BROAD_LOGE_MDM,s06_0train_r2_t08,6,0train,2,8,2,14209,False,loso_s6,2,4,0.109167441985,0.158997658479,0.269754971165,0.462079928371
Q10-A001,BROAD_LOGE_MDM,s06_0train_r2_t09,6,0train,2,9,4,16140,False,loso_s6,4,4,0.123566175808,0.165968325898,0.284001512148,0.426463986145
Q10-A001,BROAD_LOGE_MDM,s06_0train_r2_t10,6,0train,2,10,4,18138,True,loso_s6,4,4,0.139190934736,0.184618951651,0.284986942163,0.391203171449
Q10-A001,BROAD_LOGE_MDM,s06_0train_r2_t11,6,0train,2,11,2,20044,False,loso_s6,2,4,0.121040408204,0.172103979069,0.282689923743,0.424165688984
Q10-A001,BROAD_LOGE_MDM,s06_0train_r2_t12,6,0train,2,12,3,21939,False,loso_s6,3,4,0.111144131475,0.15600732313,0.27750394615,0.455344599244
Q10-A001,BROAD_LOGE_MDM,s06_0train_r2_t13,6,0train,2,13,2,23911,False,loso_s6,2,4,0.155719161918,0.203279888884,0.279569722377,0.361431226821
Q10-A001,BROAD_LOGE_MDM,s06_0train_r2_t14,6,0train,2,14,1,25855,False,loso_s6,1,4,0.121496126717,0.157028067471,0.269920420629,0.451555385183
Q10-A001,BROAD_LOGE_MDM,s06_0train_r2_t15,6,0train,2,15,1,27822,False,loso_s6,1,4,0.136429729693,0.161285454195,0.272916973255,0.429367842856
Q10-A001,BROAD_LOGE_MDM,s06_0train_r2_t16,6,0train,2,16,2,29942,False,loso_s6,2,4,0.146136635458,0.184953758229,0.273162914893,0.395746691419
Q10-A001,BROAD_LOGE_MDM,s06_0train_r2_t17,6,0train,2,17,4,31950,False,loso_s6,4,4,0.145949534812,0.18244884901,0.285448215896,0.386153400282
Q10-A001,BROAD_LOGE_MDM,s06_0train_r2_t18,6,0train,2,18,1,34016,False,loso_s6,1,4,0.105498235628,0.14653646449,0.269881914191,0.478083385691
Q10-A001,BROAD_LOGE_MDM,s06_0train_r2_t19,6,0train,2,19,4,36052,False,loso_s6,4,4,0.127589425948,0.170642587283,0.276110346006,0.425657640763
Q10-A001,BROAD_LOGE_MDM,s06_0train_r2_t20,6,0train,2,20,2,38118,False,loso_s6,2,4,0.11933511626,0.159794480121,0.274694433668,0.446175969952
Q10-A001,BROAD_LOGE_MDM,s06_0train_r2_t21,6,0train,2,21,1,40188,False,loso_s6,1,4,0.162247155115,0.196942479887,0.278254091839,0.362556273159
Q10-A001,BROAD_LOGE_MDM,s06_0train_r2_t22,6,0train,2,22,3,42268,False,loso_s6,3,4,0.105675925017,0.144980877699,0.269945302884,0.479397894401
Q10-A001,BROAD_LOGE_MDM,s06_0train_r2_t23,6,0train,2,23,3,44180,False,loso_s6,3,4,0.132852079726,0.176571967577,0.275946108485,0.414629844212
Q10-A001,BROAD_LOGE_MDM,s06_0train_r2_t24,6,0train,2,24,1,46211,False,loso_s6,1,4,0.119430032486,0.162375306437,0.271242068648,0.446952592429
Q10-A001,BROAD_LOGE_MDM,s06_0train_r2_t25,6,0train,2,25,2,48164,False,loso_s6,2,4,0.13627576136,0.177019298492,0.280434527063,0.406270413085
Q10-A001,BROAD_LOGE_MDM,s06_0train_r2_t26,6,0train,2,26,4,50125,True,loso_s6,4,4,0.135839818918,0.176380381177,0.278845714161,0.408934085745
Q10-A001,BROAD_LOGE_MDM,s06_0train_r2_t27,6,0train,2,27,3,52229,False,loso_s6,3,4,0.137564729221,0.181893315364,0.275495328688,0.405046626727
Q10-A001,BROAD_LOGE_MDM,s06_0train_r2_t28,6,0train,2,28,3,54233,False,loso_s6,3,4,0.123691968001,0.163347567681,0.277563442032,0.435397022287
Q10-A001,BROAD_LOGE_MDM,s06_0train_r2_t29,6,0train,2,29,3,56208,True,loso_s6,3,4,0.139748533744,0.176709797613,0.276344697156,0.407196971487
Q10-A001,BROAD_LOGE_MDM,s06_0train_r2_t30,6,0train,2,30,3,58234,False,loso_s6,3,4,0.0772995042084,0.119106987849,0.246214479291,0.557379028651
Q10-A001,BROAD_LOGE_MDM,s06_0train_r2_t31,6,0train,2,31,1,60305,False,loso_s6,1,4,0.118569999156,0.155363098299,0.281479053421,0.444587849124
Q10-A001,BROAD_LOGE_MDM,s06_0train_r2_t32,6,0train,2,32,3,62412,True,loso_s6,3,4,0.125708444499,0.168364828552,0.27214100305,0.433785723898
Q10-A001,BROAD_LOGE_MDM,s06_0train_r2_t33,6,0train,2,33,4,64504,True,loso_s6,4,4,0.135104477734,0.175617914812,0.282855178062,0.406422429392
Q10-A001,BROAD_LOGE_MDM,s06_0train_r2_t34,6,0train,2,34,3,66595,False,loso_s6,3,4,0.105526620935,0.148623989062,0.265405971492,0.48044341851
Q10-A001,BROAD_LOGE_MDM,s06_0train_r2_t35,6,0train,2,35,1,68638,False,loso_s6,1,4,0.127328189284,0.177289568825,0.275528051265,0.419854190627
Q10-A001,BROAD_LOGE_MDM,s06_0train_r2_t36,6,0train,2,36,3,70702,True,loso_s6,3,4,0.154994690234,0.192612781031,0.280794837831,0.371597690904
Q10-A001,BROAD_LOGE_MDM,s06_0train_r2_t37,6,0train,2,37,1,72722,False,loso_s6,1,4,0.148937324104,0.189413128469,0.277189806704,0.384459740723
Q10-A001,BROAD_LOGE_MDM,s06_0train_r2_t38,6,0train,2,38,4,74694,False,loso_s6,4,4,0.119004610553,0.152911421,0.270756424665,0.457327543782
Q10-A001,BROAD_LOGE_MDM,s06_0train_r2_t39,6,0train,2,39,1,76657,False,loso_s6,1,4,0.137747406954,0.172200185247,0.274722585165,0.415329822635
Q10-A001,BROAD_LOGE_MDM,s06_0train_r2_t40,6,0train,2,40,2,78582,True,loso_s6,2,4,0.128571269841,0.165026522306,0.277451437899,0.428950769955
Q10-A001,BROAD_LOGE_MDM,s06_0train_r2_t41,6,0train,2,41,3,80663,True,loso_s6,3,4,0.112681267611,0.152293798934,0.260091143852,0.474933789603
Q10-A001,BROAD_LOGE_MDM,s06_0train_r2_t42,6,0train,2,42,2,82641,False,loso_s6,2,4,0.116309031292,0.162218584438,0.275878828554,0.445593555716
Q10-A001,BROAD_LOGE_MDM,s06_0train_r2_t43,6,0train,2,43,1,84631,True,loso_s6,1,4,0.160815797586,0.201901303278,0.27153992903,0.365742970106
Q10-A001,BROAD_LOGE_MDM,s06_0train_r2_t44,6,0train,2,44,2,86750,False,loso_s6,2,4,0.116622989914,0.15843243321,0.280190978444,0.444753598432
Q10-A001,BROAD_LOGE_MDM,s06_0train_r2_t45,6,0train,2,45,2,88656,True,loso_s6,2,4,0.0582253283391,0.0941885079354,0.235255566412,0.612330597314
Q10-A001,BROAD_LOGE_MDM,s06_0train_r2_t46,6,0train,2,46,4,90584,True,loso_s6,4,4,0.0926520400206,0.13146980501,0.261877958605,0.514000196364
Q10-A001,BROAD_LOGE_MDM,s06_0train_r2_t47,6,0train,2,47,3,92698,False,loso_s6,3,4,0.097161001979,0.142372127611,0.266842769614,0.493624100796
Q10-A001,BROAD_LOGE_MDM,s06_0train_r2_t48,6,0train,2,48,4,94757,False,loso_s6,4,4,0.146897968759,0.181513892963,0.279198802429,0.392389335848
Q10-A001,BROAD_LOGE_MDM,s06_0train_r3_t01,6,0train,3,1,1,250,True,loso_s6,1,4,0.186123866806,0.21722829712,0.274793315484,0.321854520589
Q10-A001,BROAD_LOGE_MDM,s06_0train_r3_t02,6,0train,3,2,1,2253,False,loso_s6,1,4,0.149031948877,0.185594310899,0.283327124779,0.382046615445
Q10-A001,BROAD_LOGE_MDM,s06_0train_r3_t03,6,0train,3,3,2,4171,False,loso_s6,2,4,0.168381328935,0.207060828391,0.280623623693,0.343934218981
Q10-A001,BROAD_LOGE_MDM,s06_0train_r3_t04,6,0train,3,4,4,6123,False,loso_s6,4,4,0.0769512690861,0.115969428973,0.25896418763,0.548115114311
Q10-A001,BROAD_LOGE_MDM,s06_0train_r3_t05,6,0train,3,5,1,8131,True,loso_s6,1,4,0.128659435382,0.170118186686,0.280735651285,0.420486726648
Q10-A001,BROAD_LOGE_MDM,s06_0train_r3_t06,6,0train,3,6,4,10242,False,loso_s6,4,4,0.0899328668485,0.13148787777,0.261371844656,0.517207410725
Q10-A001,BROAD_LOGE_MDM,s06_0train_r3_t07,6,0train,3,7,4,12159,False,loso_s6,4,4,0.126691009892,0.170033019846,0.283039282348,0.420236687915
Q10-A001,BROAD_LOGE_MDM,s06_0train_r3_t08,6,0train,3,8,4,14209,False,loso_s6,4,4,0.110333074541,0.154744572611,0.27766025305,0.457262099798
Q10-A001,BROAD_LOGE_MDM,s06_0train_r3_t09,6,0train,3,9,1,16140,False,loso_s6,1,4,0.150193625612,0.186243872587,0.274600443053,0.388962058748
Q10-A001,BROAD_LOGE_MDM,s06_0train_r3_t10,6,0train,3,10,3,18138,False,loso_s6,3,4,0.11925998215,0.158171695988,0.280753572163,0.4418147497
Q10-A001,BROAD_LOGE_MDM,s06_0train_r3_t11,6,0train,3,11,4,20044,True,loso_s6,4,4,0.122951634821,0.167269312604,0.282387627714,0.427391424861
Q10-A001,BROAD_LOGE_MDM,s06_0train_r3_t12,6,0train,3,12,4,21939,False,loso_s6,4,4,0.0504493767433,0.086358021236,0.227369125481,0.63582347654
Q10-A001,BROAD_LOGE_MDM,s06_0train_r3_t13,6,0train,3,13,2,23911,False,loso_s6,2,4,0.163782960487,0.209469832011,0.281915561116,0.344831646387
Q10-A001,BROAD_LOGE_MDM,s06_0train_r3_t14,6,0train,3,14,2,25855,True,loso_s6,2,4,0.149915351554,0.197308175725,0.275386881786,0.377389590935
Q10-A001,BROAD_LOGE_MDM,s06_0train_r3_t15,6,0train,3,15,4,27822,False,loso_s6,4,4,0.103225298349,0.142382517036,0.273967932948,0.480424251668
Q10-A001,BROAD_LOGE_MDM,s06_0train_r3_t16,6,0train,3,16,1,29942,True,loso_s6,1,4,0.141159468753,0.171415019409,0.28181519117,0.405610320668
Q10-A001,BROAD_LOGE_MDM,s06_0train_r3_t17,6,0train,3,17,4,31950,False,loso_s6,4,4,0.133813204043,0.183231614083,0.2806178599,0.402337321974
Q10-A001,BROAD_LOGE_MDM,s06_0train_r3_t18,6,0train,3,18,3,34016,False,loso_s6,3,4,0.067682691757,0.106885161618,0.248050910237,0.577381236389
Q10-A001,BROAD_LOGE_MDM,s06_0train_r3_t19,6,0train,3,19,2,36052,True,loso_s6,2,4,0.140162281142,0.187107318879,0.284594893847,0.388135506132
Q10-A001,BROAD_LOGE_MDM,s06_0train_r3_t20,6,0train,3,20,3,38118,True,loso_s6,3,4,0.070864439961,0.108327436322,0.245424377166,0.575383746551
Q10-A001,BROAD_LOGE_MDM,s06_0train_r3_t21,6,0train,3,21,2,40188,False,loso_s6,2,4,0.105159137105,0.154314975372,0.270459789517,0.470066098006
Q10-A001,BROAD_LOGE_MDM,s06_0train_r3_t22,6,0train,3,22,4,42268,False,loso_s6,4,4,0.105269719644,0.146993429461,0.274568022275,0.47316882862
Q10-A001,BROAD_LOGE_MDM,s06_0train_r3_t23,6,0train,3,23,1,44180,False,loso_s6,1,4,0.157851741277,0.193554536597,0.280270318348,0.368323403778
Q10-A001,BROAD_LOGE_MDM,s06_0train_r3_t24,6,0train,3,24,1,46211,False,loso_s6,1,4,0.126177595762,0.171392697237,0.27749492641,0.424934780591
Q10-A001,BROAD_LOGE_MDM,s06_0train_r3_t25,6,0train,3,25,2,48164,False,loso_s6,2,4,0.0748001110469,0.11865137328,0.24751277337,0.559035742303
Q10-A001,BROAD_LOGE_MDM,s06_0train_r3_t26,6,0train,3,26,3,50125,False,loso_s6,3,4,0.125480304692,0.1675096588,0.27448227274,0.432527763767
Q10-A001,BROAD_LOGE_MDM,s06_0train_r3_t27,6,0train,3,27,1,52229,False,loso_s6,1,4,0.113261018621,0.154437138913,0.268518056027,0.463783786439
Q10-A001,BROAD_LOGE_MDM,s06_0train_r3_t28,6,0train,3,28,4,54233,False,loso_s6,4,4,0.122387366771,0.160220689594,0.271851929092,0.445540014542
Q10-A001,BROAD_LOGE_MDM,s06_0train_r3_t29,6,0train,3,29,1,56208,False,loso_s6,1,4,0.157001246918,0.191091256142,0.283440181483,0.368467315457
Q10-A001,BROAD_LOGE_MDM,s06_0train_r3_t30,6,0train,3,30,3,58234,False,loso_s6,3,4,0.115792860275,0.160755901697,0.277170158579,0.446281079449
Q10-A001,BROAD_LOGE_MDM,s06_0train_r3_t31,6,0train,3,31,3,60305,False,loso_s6,3,4,0.0911847983484,0.134298856705,0.259885238409,0.514631106538
Q10-A001,BROAD_LOGE_MDM,s06_0train_r3_t32,6,0train,3,32,3,62412,False,loso_s6,3,4,0.137240646391,0.185826851431,0.280394656713,0.396537845465
Q10-A001,BROAD_LOGE_MDM,s06_0train_r3_t33,6,0train,3,33,2,64504,False,loso_s6,2,4,0.125743651085,0.167498585752,0.271283657992,0.435474105171
Q10-A001,BROAD_LOGE_MDM,s06_0train_r3_t34,6,0train,3,34,2,66595,False,loso_s6,2,4,0.109194917509,0.153423120856,0.271071116194,0.466310845441
Q10-A001,BROAD_LOGE_MDM,s06_0train_r3_t35,6,0train,3,35,2,68638,False,loso_s6,2,4,0.128088237793,0.168817871235,0.273459728026,0.429634162945
Q10-A001,BROAD_LOGE_MDM,s06_0train_r3_t36,6,0train,3,36,3,70702,False,loso_s6,3,4,0.138417130464,0.182265628982,0.287304254667,0.392012985887
Q10-A001,BROAD_LOGE_MDM,s06_0train_r3_t37,6,0train,3,37,1,72722,False,loso_s6,1,4,0.186106728651,0.209407301868,0.277777884622,0.32670808486
Q10-A001,BROAD_LOGE_MDM,s06_0train_r3_t38,6,0train,3,38,2,74694,True,loso_s6,2,4,0.164025688399,0.203113854076,0.280889633314,0.351970824211
Q10-A001,BROAD_LOGE_MDM,s06_0train_r3_t39,6,0train,3,39,1,76657,False,loso_s6,1,4,0.162548780324,0.204529591671,0.281527433309,0.351394194696
Q10-A001,BROAD_LOGE_MDM,s06_0train_r3_t40,6,0train,3,40,4,78582,False,loso_s6,4,4,0.118837896738,0.158476464196,0.279041661328,0.443643977738
Q10-A001,BROAD_LOGE_MDM,s06_0train_r3_t41,6,0train,3,41,4,80663,False,loso_s6,4,4,0.177478139218,0.212946057346,0.282147884649,0.327427918786
Q10-A001,BROAD_LOGE_MDM,s06_0train_r3_t42,6,0train,3,42,3,82641,False,loso_s6,3,4,0.0684239425044,0.108886412757,0.23615034106,0.586539303679
Q10-A001,BROAD_LOGE_MDM,s06_0train_r3_t43,6,0train,3,43,3,84631,True,loso_s6,3,4,0.102195998315,0.1461859561,0.267805775,0.483812270584
Q10-A001,BROAD_LOGE_MDM,s06_0train_r3_t44,6,0train,3,44,2,86750,False,loso_s6,2,4,0.128732277675,0.169607546319,0.267613320364,0.434046855642
Q10-A001,BROAD_LOGE_MDM,s06_0train_r3_t45,6,0train,3,45,2,88656,False,loso_s6,2,4,0.107534107454,0.147886647497,0.268210211034,0.476369034015
Q10-A001,BROAD_LOGE_MDM,s06_0train_r3_t46,6,0train,3,46,1,90584,False,loso_s6,1,4,0.131377653488,0.165608054034,0.274898579845,0.428115712632
Q10-A001,BROAD_LOGE_MDM,s06_0train_r3_t47,6,0train,3,47,3,92698,False,loso_s6,3,4,0.154460041877,0.189433609092,0.288490069297,0.367616279734
Q10-A001,BROAD_LOGE_MDM,s06_0train_r3_t48,6,0train,3,48,3,94757,True,loso_s6,3,4,0.159942126265,0.205813329539,0.277380573441,0.356863970756
Q10-A001,BROAD_LOGE_MDM,s06_0train_r4_t01,6,0train,4,1,4,250,False,loso_s6,4,4,0.143937680346,0.17900681706,0.280145032596,0.396910469998
Q10-A001,BROAD_LOGE_MDM,s06_0train_r4_t02,6,0train,4,2,1,2253,False,loso_s6,1,4,0.198329764757,0.216850525384,0.275726579972,0.309093129887
Q10-A001,BROAD_LOGE_MDM,s06_0train_r4_t03,6,0train,4,3,3,4171,True,loso_s6,3,4,0.147724942357,0.186258503191,0.279920034835,0.386096519616
Q10-A001,BROAD_LOGE_MDM,s06_0train_r4_t04,6,0train,4,4,4,6123,False,loso_s6,4,4,0.164105888975,0.197885877973,0.285447703382,0.35256052967
Q10-A001,BROAD_LOGE_MDM,s06_0train_r4_t05,6,0train,4,5,2,8131,False,loso_s6,2,4,0.0956372810427,0.13810006841,0.267515384703,0.498747265844
Q10-A001,BROAD_LOGE_MDM,s06_0train_r4_t06,6,0train,4,6,2,10242,False,loso_s6,2,4,0.115826378489,0.161548036556,0.275456760361,0.447168824594
Q10-A001,BROAD_LOGE_MDM,s06_0train_r4_t07,6,0train,4,7,3,12159,False,loso_s6,3,4,0.138017389134,0.179145882641,0.282637456955,0.400199271271
Q10-A001,BROAD_LOGE_MDM,s06_0train_r4_t08,6,0train,4,8,3,14209,True,loso_s6,3,4,0.142226241098,0.181055841485,0.280822007191,0.395895910227
Q10-A001,BROAD_LOGE_MDM,s06_0train_r4_t09,6,0train,4,9,1,16140,False,loso_s6,1,4,0.145515466042,0.182760608645,0.279432503704,0.392291421608
Q10-A001,BROAD_LOGE_MDM,s06_0train_r4_t10,6,0train,4,10,1,18138,False,loso_s6,1,4,0.117217592234,0.159746833313,0.278849959984,0.444185614469
Q10-A001,BROAD_LOGE_MDM,s06_0train_r4_t11,6,0train,4,11,2,20044,False,loso_s6,2,4,0.0829817542415,0.128788695439,0.257375352415,0.530854197904
Q10-A001,BROAD_LOGE_MDM,s06_0train_r4_t12,6,0train,4,12,2,21939,False,loso_s6,2,4,0.145431276905,0.18979571265,0.271264229302,0.393508781143
Q10-A001,BROAD_LOGE_MDM,s06_0train_r4_t13,6,0train,4,13,1,23911,False,loso_s6,1,4,0.147259986196,0.187104924013,0.279169693204,0.386465396586
Q10-A001,BROAD_LOGE_MDM,s06_0train_r4_t14,6,0train,4,14,4,25855,False,loso_s6,4,4,0.0894053848567,0.132498747069,0.260166316622,0.517929551453
Q10-A001,BROAD_LOGE_MDM,s06_0train_r4_t15,6,0train,4,15,1,27822,True,loso_s6,1,4,0.14999520513,0.18059933213,0.275704040452,0.393701422289
Q10-A001,BROAD_LOGE_MDM,s06_0train_r4_t16,6,0train,4,16,2,29942,False,loso_s6,2,4,0.112264258209,0.156877877448,0.267387541318,0.463470323025
Q10-A001,BROAD_LOGE_MDM,s06_0train_r4_t17,6,0train,4,17,3,31950,False,loso_s6,3,4,0.0691476324836,0.10938316516,0.245538349482,0.575930852874
Q10-A001,BROAD_LOGE_MDM,s06_0train_r4_t18,6,0train,4,18,1,34016,True,loso_s6,1,4,0.168741358281,0.201895223512,0.282081125172,0.347282293035
Q10-A001,BROAD_LOGE_MDM,s06_0train_r4_t19,6,0train,4,19,4,36052,False,loso_s6,4,4,0.142298208788,0.185008538681,0.286596983018,0.386096269513
Q10-A001,BROAD_LOGE_MDM,s06_0train_r4_t20,6,0train,4,20,2,38118,False,loso_s6,2,4,0.140701961682,0.184904647273,0.279865988654,0.394527402392
Q10-A001,BROAD_LOGE_MDM,s06_0train_r4_t21,6,0train,4,21,2,40188,False,loso_s6,2,4,0.108737568253,0.151618608714,0.273161438737,0.466482384296
Q10-A001,BROAD_LOGE_MDM,s06_0train_r4_t22,6,0train,4,22,2,42268,False,loso_s6,2,4,0.161833863403,0.202665043598,0.279035551096,0.356465541903
Q10-A001,BROAD_LOGE_MDM,s06_0train_r4_t23,6,0train,4,23,1,44180,False,loso_s6,1,4,0.181152957509,0.211612967253,0.273899616021,0.333334459216
Q10-A001,BROAD_LOGE_MDM,s06_0train_r4_t24,6,0train,4,24,2,46211,False,loso_s6,2,4,0.113975781413,0.155925816812,0.274057164115,0.45604123766
Q10-A001,BROAD_LOGE_MDM,s06_0train_r4_t25,6,0train,4,25,2,48164,False,loso_s6,2,4,0.0939404617391,0.137526009461,0.262954510925,0.505579017876
Q10-A001,BROAD_LOGE_MDM,s06_0train_r4_t26,6,0train,4,26,1,50125,False,loso_s6,1,4,0.134024784439,0.176470343543,0.276905951188,0.41259892083
Q10-A001,BROAD_LOGE_MDM,s06_0train_r4_t27,6,0train,4,27,4,52229,False,loso_s6,4,4,0.15119859629,0.186019736705,0.284216731411,0.378564935594
Q10-A001,BROAD_LOGE_MDM,s06_0train_r4_t28,6,0train,4,28,4,54233,False,loso_s6,4,4,0.119783649935,0.159236031557,0.271737889411,0.449242429097
Q10-A001,BROAD_LOGE_MDM,s06_0train_r4_t29,6,0train,4,29,4,56208,False,loso_s6,4,4,0.170624192745,0.208529361034,0.281336209981,0.339510236239
Q10-A001,BROAD_LOGE_MDM,s06_0train_r4_t30,6,0train,4,30,1,58234,True,loso_s6,1,4,0.122764082967,0.15552484838,0.27117924729,0.450531821363
Q10-A001,BROAD_LOGE_MDM,s06_0train_r4_t31,6,0train,4,31,1,60305,False,loso_s6,1,4,0.115961053616,0.154548219602,0.271850265833,0.457640460949
Q10-A001,BROAD_LOGE_MDM,s06_0train_r4_t32,6,0train,4,32,3,62412,False,loso_s6,3,4,0.08511979556,0.126569139054,0.254866540409,0.533444524978
Q10-A001,BROAD_LOGE_MDM,s06_0train_r4_t33,6,0train,4,33,4,64504,False,loso_s6,4,4,0.121206997658,0.159153021246,0.26969153244,0.449948448655
Q10-A001,BROAD_LOGE_MDM,s06_0train_r4_t34,6,0train,4,34,4,66595,False,loso_s6,4,4,0.178165683523,0.209042769346,0.280741854782,0.33204969235
Q10-A001,BROAD_LOGE_MDM,s06_0train_r4_t35,6,0train,4,35,3,68638,False,loso_s6,3,4,0.125196183956,0.164817537027,0.271369369892,0.438616909124
Q10-A001,BROAD_LOGE_MDM,s06_0train_r4_t36,6,0train,4,36,2,70702,False,loso_s6,2,4,0.138255452069,0.179054648954,0.283287738167,0.39940216081
Q10-A001,BROAD_LOGE_MDM,s06_0train_r4_t37,6,0train,4,37,3,72722,False,loso_s6,3,4,0.174463328256,0.213450131202,0.284019805547,0.328066734996
Q10-A001,BROAD_LOGE_MDM,s06_0train_r4_t38,6,0train,4,38,4,74694,False,loso_s6,4,4,0.13792211771,0.183860069989,0.275270380263,0.402947432038
Q10-A001,BROAD_LOGE_MDM,s06_0train_r4_t39,6,0train,4,39,4,76657,True,loso_s6,4,4,0.160630392243,0.192080826188,0.273789860768,0.373498920801
Q10-A001,BROAD_LOGE_MDM,s06_0train_r4_t40,6,0train,4,40,1,78582,False,loso_s6,1,4,0.132850502972,0.177379346413,0.273003568885,0.41676658173
Q10-A001,BROAD_LOGE_MDM,s06_0train_r4_t41,6,0train,4,41,3,80663,False,loso_s6,3,4,0.17869406726,0.205239556594,0.275351397617,0.340714978529
Q10-A001,BROAD_LOGE_MDM,s06_0train_r4_t42,6,0train,4,42,3,82641,False,loso_s6,3,4,0.120783287528,0.163650376276,0.27516643485,0.440399901345
Q10-A001,BROAD_LOGE_MDM,s06_0train_r4_t43,6,0train,4,43,3,84631,False,loso_s6,3,4,0.0967972751086,0.142985703952,0.263061824068,0.497155196871
Q10-A001,BROAD_LOGE_MDM,s06_0train_r4_t44,6,0train,4,44,3,86750,False,loso_s6,3,4,0.112523480399,0.153021451597,0.271098529345,0.463356538659
Q10-A001,BROAD_LOGE_MDM,s06_0train_r4_t45,6,0train,4,45,1,88656,False,loso_s6,1,4,0.182779625798,0.212621716435,0.275403685594,0.329194972173
Q10-A001,BROAD_LOGE_MDM,s06_0train_r4_t46,6,0train,4,46,3,90584,False,loso_s6,3,4,0.121840552203,0.159695261431,0.269856327599,0.448607858767
Q10-A001,BROAD_LOGE_MDM,s06_0train_r4_t47,6,0train,4,47,2,92698,False,loso_s6,2,4,0.168778300113,0.207208635228,0.272546311174,0.351466753485
Q10-A001,BROAD_LOGE_MDM,s06_0train_r4_t48,6,0train,4,48,4,94757,True,loso_s6,4,4,0.113025871609,0.15504076022,0.272439909791,0.45949345838
Q10-A001,BROAD_LOGE_MDM,s06_0train_r5_t01,6,0train,5,1,1,250,False,loso_s6,1,4,0.226546014663,0.239602102169,0.264634673085,0.269217210083
Q10-A001,BROAD_LOGE_MDM,s06_0train_r5_t02,6,0train,5,2,1,2253,False,loso_s6,1,4,0.149028691396,0.191408658423,0.2871292599,0.37243339028
Q10-A001,BROAD_LOGE_MDM,s06_0train_r5_t03,6,0train,5,3,3,4171,False,loso_s6,3,4,0.116312052989,0.158502492324,0.273689247834,0.451496206853
Q10-A001,BROAD_LOGE_MDM,s06_0train_r5_t04,6,0train,5,4,3,6123,False,loso_s6,3,4,0.196765056664,0.223771984221,0.277883377174,0.301579581941
Q10-A001,BROAD_LOGE_MDM,s06_0train_r5_t05,6,0train,5,5,1,8131,False,loso_s6,1,4,0.158626553222,0.198564250155,0.284106482476,0.358702714147
Q10-A001,BROAD_LOGE_MDM,s06_0train_r5_t06,6,0train,5,6,3,10242,False,loso_s6,3,4,0.107939777591,0.146038160736,0.26213773309,0.483884328583
Q10-A001,BROAD_LOGE_MDM,s06_0train_r5_t07,6,0train,5,7,3,12159,False,loso_s6,3,4,0.116350296741,0.159882898282,0.268298139082,0.455468665895
Q10-A001,BROAD_LOGE_MDM,s06_0train_r5_t08,6,0train,5,8,4,14209,False,loso_s6,4,4,0.103538740266,0.144576488208,0.262634505923,0.489250265602
Q10-A001,BROAD_LOGE_MDM,s06_0train_r5_t09,6,0train,5,9,2,16140,False,loso_s6,2,4,0.115831626529,0.155022282514,0.273679473259,0.455466617698
Q10-A001,BROAD_LOGE_MDM,s06_0train_r5_t10,6,0train,5,10,2,18138,False,loso_s6,2,4,0.145269167754,0.188940334181,0.273933628305,0.39185686976
Q10-A001,BROAD_LOGE_MDM,s06_0train_r5_t11,6,0train,5,11,4,20044,False,loso_s6,4,4,0.140653241718,0.181482698837,0.277162448451,0.400701610995
Q10-A001,BROAD_LOGE_MDM,s06_0train_r5_t12,6,0train,5,12,2,21939,False,loso_s6,2,4,0.164960438198,0.200131374056,0.273422350731,0.361485837014
Q10-A001,BROAD_LOGE_MDM,s06_0train_r5_t13,6,0train,5,13,3,23911,True,loso_s6,3,4,0.133789343903,0.17218050952,0.279089288796,0.41494085778
Q10-A001,BROAD_LOGE_MDM,s06_0train_r5_t14,6,0train,5,14,4,25855,False,loso_s6,4,4,0.130746391921,0.174985667562,0.272692510144,0.421575430373
Q10-A001,BROAD_LOGE_MDM,s06_0train_r5_t15,6,0train,5,15,3,27822,False,loso_s6,3,4,0.0877107479996,0.13161277437,0.253096243567,0.527580234064
Q10-A001,BROAD_LOGE_MDM,s06_0train_r5_t16,6,0train,5,16,2,29942,False,loso_s6,2,4,0.151544273161,0.193136241369,0.278635913096,0.376683572373
Q10-A001,BROAD_LOGE_MDM,s06_0train_r5_t17,6,0train,5,17,1,31950,True,loso_s6,1,4,0.180557168829,0.219459013339,0.277643431794,0.322340386038
Q10-A001,BROAD_LOGE_MDM,s06_0train_r5_t18,6,0train,5,18,2,34016,False,loso_s6,2,4,0.117011936816,0.162053801317,0.276228456889,0.444705804979
Q10-A001,BROAD_LOGE_MDM,s06_0train_r5_t19,6,0train,5,19,4,36052,False,loso_s6,4,4,0.161403953829,0.198786163794,0.2849284626,0.354881419777
Q10-A001,BROAD_LOGE_MDM,s06_0train_r5_t20,6,0train,5,20,1,38118,False,loso_s6,1,4,0.194966468923,0.22409788937,0.276551007436,0.304384634271
Q10-A001,BROAD_LOGE_MDM,s06_0train_r5_t21,6,0train,5,21,3,40188,True,loso_s6,3,4,0.128213338692,0.17603785258,0.279822279898,0.41592652883
Q10-A001,BROAD_LOGE_MDM,s06_0train_r5_t22,6,0train,5,22,2,42268,True,loso_s6,2,4,0.162411136413,0.206246377983,0.284989332401,0.346353153202
Q10-A001,BROAD_LOGE_MDM,s06_0train_r5_t23,6,0train,5,23,3,44180,True,loso_s6,3,4,0.117433037868,0.158685535005,0.276322386204,0.447559040923
Q10-A001,BROAD_LOGE_MDM,s06_0train_r5_t24,6,0train,5,24,4,46211,True,loso_s6,4,4,0.152388039536,0.196266836884,0.274478031072,0.376867092508
Q10-A001,BROAD_LOGE_MDM,s06_0train_r5_t25,6,0train,5,25,1,48164,True,loso_s6,1,4,0.107439617386,0.142394693356,0.268626309916,0.481539379342
Q10-A001,BROAD_LOGE_MDM,s06_0train_r5_t26,6,0train,5,26,1,50125,False,loso_s6,1,4,0.0507704224136,0.0861446409121,0.223434393944,0.63965054273
Q10-A001,BROAD_LOGE_MDM,s06_0train_r5_t27,6,0train,5,27,2,52229,True,loso_s6,2,4,0.178453111415,0.220542603197,0.28187143703,0.319132848358
Q10-A001,BROAD_LOGE_MDM,s06_0train_r5_t28,6,0train,5,28,4,54233,True,loso_s6,4,4,0.137603273631,0.179703267196,0.280404498469,0.402288960704
Q10-A001,BROAD_LOGE_MDM,s06_0train_r5_t29,6,0train,5,29,1,56208,False,loso_s6,1,4,0.125734264286,0.175562773443,0.273642655433,0.425060306838
Q10-A001,BROAD_LOGE_MDM,s06_0train_r5_t30,6,0train,5,30,4,58234,False,loso_s6,4,4,0.139495861247,0.18353277353,0.270783959732,0.40618740549
Q10-A001,BROAD_LOGE_MDM,s06_0train_r5_t31,6,0train,5,31,2,60305,True,loso_s6,2,4,0.195674366028,0.218761500837,0.267662838384,0.317901294752
Q10-A001,BROAD_LOGE_MDM,s06_0train_r5_t32,6,0train,5,32,2,62412,False,loso_s6,2,4,0.143409313883,0.1901041883,0.284491346141,0.381995151676
Q10-A001,BROAD_LOGE_MDM,s06_0train_r5_t33,6,0train,5,33,3,64504,True,loso_s6,3,4,0.144524888592,0.188133997781,0.270621534214,0.396719579413
Q10-A001,BROAD_LOGE_MDM,s06_0train_r5_t34,6,0train,5,34,3,66595,True,loso_s6,3,4,0.12939524269,0.173652248927,0.275479762083,0.421472746299
Q10-A001,BROAD_LOGE_MDM,s06_0train_r5_t35,6,0train,5,35,4,68638,False,loso_s6,4,4,0.128561240366,0.171414310659,0.280390100336,0.41963434864
Q10-A001,BROAD_LOGE_MDM,s06_0train_r5_t36,6,0train,5,36,4,70702,False,loso_s6,4,4,0.113716243272,0.154282694113,0.264817954725,0.46718310789
Q10-A001,BROAD_LOGE_MDM,s06_0train_r5_t37,6,0train,5,37,3,72722,True,loso_s6,3,4,0.134476626878,0.172767014636,0.280823835317,0.411932523169
Q10-A001,BROAD_LOGE_MDM,s06_0train_r5_t38,6,0train,5,38,1,74694,True,loso_s6,1,4,0.186178929907,0.224727611166,0.274762471524,0.314330987403
Q10-A001,BROAD_LOGE_MDM,s06_0train_r5_t39,6,0train,5,39,1,76657,False,loso_s6,1,4,0.160446619023,0.191567948109,0.280374048033,0.367611384834
Q10-A001,BROAD_LOGE_MDM,s06_0train_r5_t40,6,0train,5,40,2,78582,False,loso_s6,2,4,0.186639919075,0.219263157496,0.269016233486,0.325080689943
Q10-A001,BROAD_LOGE_MDM,s06_0train_r5_t41,6,0train,5,41,1,80663,True,loso_s6,1,4,0.0867440496396,0.133639898085,0.246935744235,0.532680308041
Q10-A001,BROAD_LOGE_MDM,s06_0train_r5_t42,6,0train,5,42,4,82641,False,loso_s6,4,4,0.137999748796,0.179417153387,0.278103686649,0.404479411168
Q10-A001,BROAD_LOGE_MDM,s06_0train_r5_t43,6,0train,5,43,2,84631,False,loso_s6,2,4,0.150611512937,0.195883836456,0.274274677786,0.379229972822
Q10-A001,BROAD_LOGE_MDM,s06_0train_r5_t44,6,0train,5,44,4,86750,True,loso_s6,4,4,0.144618423344,0.188715771494,0.278581057594,0.388084747568
Q10-A001,BROAD_LOGE_MDM,s06_0train_r5_t45,6,0train,5,45,4,88656,False,loso_s6,4,4,0.130116498862,0.174142407546,0.280128720949,0.415612372643
Q10-A001,BROAD_LOGE_MDM,s06_0train_r5_t46,6,0train,5,46,1,90584,True,loso_s6,1,4,0.164283605208,0.201735422182,0.269574325472,0.364406647137
Q10-A001,BROAD_LOGE_MDM,s06_0train_r5_t47,6,0train,5,47,2,92698,True,loso_s6,2,4,0.106036436242,0.146837788344,0.266690419471,0.480435355943
Q10-A001,BROAD_LOGE_MDM,s06_0train_r5_t48,6,0train,5,48,3,94757,True,loso_s6,3,4,0.0543800582912,0.0901938587914,0.233180804375,0.622245278543
Q10-A001,BROAD_LOGE_MDM,s06_1test_r0_t01,6,1test,0,1,1,250,False,loso_s6,1,3,0.223902539285,0.240745937999,0.270861122142,0.264490400574
Q10-A001,BROAD_LOGE_MDM,s06_1test_r0_t02,6,1test,0,2,2,2253,False,loso_s6,2,3,0.231098965204,0.254160557005,0.26184611315,0.25289436464
Q10-A001,BROAD_LOGE_MDM,s06_1test_r0_t03,6,1test,0,3,2,4171,False,loso_s6,2,4,0.208505711477,0.237595842856,0.269313798831,0.284584646836
Q10-A001,BROAD_LOGE_MDM,s06_1test_r0_t04,6,1test,0,4,1,6123,False,loso_s6,1,4,0.165486068945,0.194646517388,0.274413531663,0.365453882004
Q10-A001,BROAD_LOGE_MDM,s06_1test_r0_t05,6,1test,0,5,2,8131,True,loso_s6,2,4,0.111799152728,0.150441549379,0.272166212945,0.465593084949
Q10-A001,BROAD_LOGE_MDM,s06_1test_r0_t06,6,1test,0,6,1,10242,False,loso_s6,1,4,0.177763473455,0.205674089136,0.268242618015,0.348319819394
Q10-A001,BROAD_LOGE_MDM,s06_1test_r0_t07,6,1test,0,7,2,12159,False,loso_s6,2,4,0.171292395341,0.209529484708,0.272774377448,0.346403742503
Q10-A001,BROAD_LOGE_MDM,s06_1test_r0_t08,6,1test,0,8,3,14209,False,loso_s6,3,4,0.192341210796,0.215684178924,0.281669441315,0.310305168966
Q10-A001,BROAD_LOGE_MDM,s06_1test_r0_t09,6,1test,0,9,2,16140,False,loso_s6,2,4,0.170335875333,0.208834874674,0.280787989158,0.340041260836
Q10-A001,BROAD_LOGE_MDM,s06_1test_r0_t10,6,1test,0,10,4,18138,False,loso_s6,4,4,0.17337438317,0.205913521378,0.282668247303,0.338043848149
Q10-A001,BROAD_LOGE_MDM,s06_1test_r0_t11,6,1test,0,11,1,20044,False,loso_s6,1,4,0.153182321246,0.190753996715,0.280986414032,0.375077268008
Q10-A001,BROAD_LOGE_MDM,s06_1test_r0_t12,6,1test,0,12,3,21939,False,loso_s6,3,4,0.162303410411,0.191606351995,0.27926310422,0.366827133374
Q10-A001,BROAD_LOGE_MDM,s06_1test_r0_t13,6,1test,0,13,2,23911,False,loso_s6,2,4,0.163218195633,0.212015334159,0.275575502844,0.349190967364
Q10-A001,BROAD_LOGE_MDM,s06_1test_r0_t14,6,1test,0,14,1,25855,False,loso_s6,1,4,0.178316014355,0.206371569182,0.27541278035,0.339899636113
Q10-A001,BROAD_LOGE_MDM,s06_1test_r0_t15,6,1test,0,15,4,27822,False,loso_s6,4,4,0.165506476341,0.200789824114,0.280731679549,0.352972019996
Q10-A001,BROAD_LOGE_MDM,s06_1test_r0_t16,6,1test,0,16,4,29942,False,loso_s6,4,4,0.15857743381,0.192185231392,0.282917130334,0.366320204463
Q10-A001,BROAD_LOGE_MDM,s06_1test_r0_t17,6,1test,0,17,4,31950,False,loso_s6,4,4,0.168665876557,0.209528818587,0.280508828371,0.341296476485
Q10-A001,BROAD_LOGE_MDM,s06_1test_r0_t18,6,1test,0,18,4,34016,False,loso_s6,4,4,0.142610794744,0.186475379497,0.277835006855,0.393078818904
Q10-A001,BROAD_LOGE_MDM,s06_1test_r0_t19,6,1test,0,19,4,36052,False,loso_s6,4,4,0.109362697973,0.149991874085,0.270437261225,0.470208166718
Q10-A001,BROAD_LOGE_MDM,s06_1test_r0_t20,6,1test,0,20,1,38118,True,loso_s6,1,4,0.210091343348,0.229423614116,0.268280314357,0.292204728179
Q10-A001,BROAD_LOGE_MDM,s06_1test_r0_t21,6,1test,0,21,3,40188,False,loso_s6,3,4,0.141910530926,0.185213807428,0.276559667831,0.396315993815
Q10-A001,BROAD_LOGE_MDM,s06_1test_r0_t22,6,1test,0,22,2,42268,False,loso_s6,2,4,0.155502131143,0.198440719115,0.280395195147,0.365661954595
Q10-A001,BROAD_LOGE_MDM,s06_1test_r0_t23,6,1test,0,23,1,44180,False,loso_s6,1,4,0.200384838894,0.2296532102,0.27481493691,0.295147013996
Q10-A001,BROAD_LOGE_MDM,s06_1test_r0_t24,6,1test,0,24,1,46211,False,loso_s6,1,4,0.143036987408,0.179237339769,0.276404682305,0.401320990517
Q10-A001,BROAD_LOGE_MDM,s06_1test_r0_t25,6,1test,0,25,3,48164,False,loso_s6,3,4,0.161791213415,0.20042056333,0.281241882087,0.356546341168
Q10-A001,BROAD_LOGE_MDM,s06_1test_r0_t26,6,1test,0,26,4,50125,False,loso_s6,4,4,0.0956688727391,0.136445631606,0.263100177347,0.504785318308
Q10-A001,BROAD_LOGE_MDM,s06_1test_r0_t27,6,1test,0,27,1,52229,False,loso_s6,1,4,0.203647809593,0.230848141087,0.271536221395,0.293967827925
Q10-A001,BROAD_LOGE_MDM,s06_1test_r0_t28,6,1test,0,28,3,54233,False,loso_s6,3,4,0.167760073938,0.208546786959,0.275643820477,0.348049318626
Q10-A001,BROAD_LOGE_MDM,s06_1test_r0_t29,6,1test,0,29,3,56208,False,loso_s6,3,4,0.129992278016,0.177959208257,0.270861039894,0.421187473834
Q10-A001,BROAD_LOGE_MDM,s06_1test_r0_t30,6,1test,0,30,3,58234,False,loso_s6,3,4,0.129713181138,0.175245095938,0.277047897729,0.417993825195
Q10-A001,BROAD_LOGE_MDM,s06_1test_r0_t31,6,1test,0,31,1,60305,False,loso_s6,1,4,0.140105489277,0.174731907012,0.270620603415,0.414542000295
Q10-A001,BROAD_LOGE_MDM,s06_1test_r0_t32,6,1test,0,32,2,62412,True,loso_s6,2,4,0.189636419394,0.222152230464,0.276728537936,0.311482812206
Q10-A001,BROAD_LOGE_MDM,s06_1test_r0_t33,6,1test,0,33,1,64504,False,loso_s6,1,4,0.186674492155,0.208337684392,0.278456934499,0.326530888954
Q10-A001,BROAD_LOGE_MDM,s06_1test_r0_t34,6,1test,0,34,2,66595,False,loso_s6,2,4,0.160330404586,0.201244465918,0.27300441277,0.365420716726
Q10-A001,BROAD_LOGE_MDM,s06_1test_r0_t35,6,1test,0,35,2,68638,False,loso_s6,2,4,0.184715698901,0.223157402642,0.273729805685,0.318397092772
Q10-A001,BROAD_LOGE_MDM,s06_1test_r0_t36,6,1test,0,36,1,70702,False,loso_s6,1,4,0.126138597089,0.164496398172,0.272259145093,0.437105859646
Q10-A001,BROAD_LOGE_MDM,s06_1test_r0_t37,6,1test,0,37,2,72722,False,loso_s6,2,4,0.146634798563,0.192677591453,0.267319361841,0.393368248143
Q10-A001,BROAD_LOGE_MDM,s06_1test_r0_t38,6,1test,0,38,3,74694,False,loso_s6,3,4,0.112466465132,0.157106496216,0.265610286044,0.464816752608
Q10-A001,BROAD_LOGE_MDM,s06_1test_r0_t39,6,1test,0,39,2,76657,False,loso_s6,2,4,0.119409717371,0.161246311827,0.263560143353,0.455783827449
Q10-A001,BROAD_LOGE_MDM,s06_1test_r0_t40,6,1test,0,40,3,78582,False,loso_s6,3,4,0.133865982762,0.177812382611,0.270925923216,0.417395711411
Q10-A001,BROAD_LOGE_MDM,s06_1test_r0_t41,6,1test,0,41,3,80663,False,loso_s6,3,4,0.160417348735,0.192597059853,0.27779719857,0.369188392842
Q10-A001,BROAD_LOGE_MDM,s06_1test_r0_t42,6,1test,0,42,4,82641,True,loso_s6,4,4,0.182249390286,0.223098254017,0.275205607108,0.319446748589
Q10-A001,BROAD_LOGE_MDM,s06_1test_r0_t43,6,1test,0,43,3,84631,True,loso_s6,3,4,0.181500293117,0.214018780152,0.273657341467,0.330823585264
Q10-A001,BROAD_LOGE_MDM,s06_1test_r0_t44,6,1test,0,44,3,86750,True,loso_s6,3,4,0.12673992954,0.169000606556,0.268818950236,0.435440513668
Q10-A001,BROAD_LOGE_MDM,s06_1test_r0_t45,6,1test,0,45,4,88656,False,loso_s6,4,4,0.162951619349,0.198807800428,0.275742137614,0.36249844261
Q10-A001,BROAD_LOGE_MDM,s06_1test_r0_t46,6,1test,0,46,4,90584,True,loso_s6,4,4,0.17172217406,0.205523294029,0.275450541315,0.347303990597
Q10-A001,BROAD_LOGE_MDM,s06_1test_r0_t47,6,1test,0,47,4,92698,False,loso_s6,4,4,0.124918843352,0.16775896033,0.269252941815,0.438069254503
Q10-A001,BROAD_LOGE_MDM,s06_1test_r0_t48,6,1test,0,48,4,94757,True,loso_s6,4,4,0.153620876065,0.194027561294,0.274938739472,0.377412823169
Q10-A001,BROAD_LOGE_MDM,s06_1test_r1_t01,6,1test,1,1,4,250,True,loso_s6,4,4,0.188138527329,0.220118362148,0.279480661637,0.312262448886
Q10-A001,BROAD_LOGE_MDM,s06_1test_r1_t02,6,1test,1,2,3,2253,False,loso_s6,3,4,0.198697797125,0.231547264532,0.279351989584,0.290402948759
Q10-A001,BROAD_LOGE_MDM,s06_1test_r1_t03,6,1test,1,3,2,4171,False,loso_s6,2,4,0.142217584399,0.184816343137,0.276522278733,0.396443793732
Q10-A001,BROAD_LOGE_MDM,s06_1test_r1_t04,6,1test,1,4,1,6123,False,loso_s6,1,4,0.202265120896,0.218515917677,0.276507111888,0.302711849538
Q10-A001,BROAD_LOGE_MDM,s06_1test_r1_t05,6,1test,1,5,1,8131,False,loso_s6,1,4,0.202525844505,0.235555995413,0.275338892159,0.286579267923
Q10-A001,BROAD_LOGE_MDM,s06_1test_r1_t06,6,1test,1,6,2,10242,True,loso_s6,2,4,0.216825808729,0.234022818125,0.268664598129,0.280486775016
Q10-A001,BROAD_LOGE_MDM,s06_1test_r1_t07,6,1test,1,7,3,12159,True,loso_s6,3,4,0.0583188195253,0.096032051782,0.224892442722,0.620756685971
Q10-A001,BROAD_LOGE_MDM,s06_1test_r1_t08,6,1test,1,8,4,14209,False,loso_s6,4,4,0.171112793515,0.202260716834,0.278928639449,0.347697850202
Q10-A001,BROAD_LOGE_MDM,s06_1test_r1_t09,6,1test,1,9,2,16140,False,loso_s6,2,4,0.194726001276,0.221753235087,0.274902954887,0.30861780875
Q10-A001,BROAD_LOGE_MDM,s06_1test_r1_t10,6,1test,1,10,3,18138,False,loso_s6,3,4,0.185805542118,0.218702652771,0.280897549395,0.314594255716
Q10-A001,BROAD_LOGE_MDM,s06_1test_r1_t11,6,1test,1,11,1,20044,False,loso_s6,1,4,0.186586695546,0.216405497209,0.272348915832,0.324658891413
Q10-A001,BROAD_LOGE_MDM,s06_1test_r1_t12,6,1test,1,12,1,21939,False,loso_s6,1,4,0.144522799455,0.185235169189,0.279457176463,0.390784854892
Q10-A001,BROAD_LOGE_MDM,s06_1test_r1_t13,6,1test,1,13,1,23911,False,loso_s6,1,4,0.167586825131,0.200546333071,0.272041616803,0.359825224995
Q10-A001,BROAD_LOGE_MDM,s06_1test_r1_t14,6,1test,1,14,4,25855,False,loso_s6,4,4,0.123524906973,0.162487349928,0.281629881122,0.432357861976
Q10-A001,BROAD_LOGE_MDM,s06_1test_r1_t15,6,1test,1,15,2,27822,False,loso_s6,2,4,0.116697406674,0.156525348483,0.273394402657,0.453382842186
Q10-A001,BROAD_LOGE_MDM,s06_1test_r1_t16,6,1test,1,16,2,29942,False,loso_s6,2,4,0.147056423333,0.189430906633,0.270053379062,0.393459290972
Q10-A001,BROAD_LOGE_MDM,s06_1test_r1_t17,6,1test,1,17,1,31950,False,loso_s6,1,4,0.139354810986,0.173335385902,0.270641546332,0.41666825678
Q10-A001,BROAD_LOGE_MDM,s06_1test_r1_t18,6,1test,1,18,1,34016,True,loso_s6,1,4,0.168302938283,0.205488896309,0.278097718117,0.348110447292
Q10-A001,BROAD_LOGE_MDM,s06_1test_r1_t19,6,1test,1,19,3,36052,False,loso_s6,3,4,0.1226280216,0.16411087554,0.277244981002,0.436016121858
Q10-A001,BROAD_LOGE_MDM,s06_1test_r1_t20,6,1test,1,20,1,38118,True,loso_s6,1,4,0.18095185669,0.213077008012,0.274092434419,0.331878700879
Q10-A001,BROAD_LOGE_MDM,s06_1test_r1_t21,6,1test,1,21,2,40188,False,loso_s6,2,4,0.14521550677,0.185094198594,0.26491791481,0.404772379826
Q10-A001,BROAD_LOGE_MDM,s06_1test_r1_t22,6,1test,1,22,4,42268,True,loso_s6,4,4,0.174528020417,0.209772812495,0.279496380537,0.33620278655
Q10-A001,BROAD_LOGE_MDM,s06_1test_r1_t23,6,1test,1,23,4,44180,False,loso_s6,4,4,0.156268187352,0.195493952327,0.277901974859,0.370335885462
Q10-A001,BROAD_LOGE_MDM,s06_1test_r1_t24,6,1test,1,24,3,46211,False,loso_s6,3,4,0.11457792487,0.158325759677,0.267043810461,0.460052504993
Q10-A001,BROAD_LOGE_MDM,s06_1test_r1_t25,6,1test,1,25,1,48164,False,loso_s6,1,4,0.2240631235,0.245129191976,0.264416026072,0.266391658452
Q10-A001,BROAD_LOGE_MDM,s06_1test_r1_t26,6,1test,1,26,4,50125,False,loso_s6,4,4,0.153407229377,0.193077804634,0.274097108723,0.379417857267
Q10-A001,BROAD_LOGE_MDM,s06_1test_r1_t27,6,1test,1,27,4,52229,False,loso_s6,4,4,0.176164503769,0.208021672685,0.281112898099,0.334700925448
Q10-A001,BROAD_LOGE_MDM,s06_1test_r1_t28,6,1test,1,28,2,54233,True,loso_s6,2,4,0.149836554523,0.190056350828,0.275668203085,0.384438891565
Q10-A001,BROAD_LOGE_MDM,s06_1test_r1_t29,6,1test,1,29,4,56208,True,loso_s6,4,4,0.103501681312,0.149174065465,0.269274820433,0.47804943279
Q10-A001,BROAD_LOGE_MDM,s06_1test_r1_t30,6,1test,1,30,4,58234,True,loso_s6,4,4,0.173547244806,0.204251866288,0.27814084685,0.344060042056
Q10-A001,BROAD_LOGE_MDM,s06_1test_r1_t31,6,1test,1,31,2,60305,False,loso_s6,2,4,0.166919611656,0.203830554725,0.276751828767,0.352498004853
Q10-A001,BROAD_LOGE_MDM,s06_1test_r1_t32,6,1test,1,32,1,62412,False,loso_s6,1,4,0.199432019015,0.224903977056,0.270364783322,0.305299220607
Q10-A001,BROAD_LOGE_MDM,s06_1test_r1_t33,6,1test,1,33,2,64504,True,loso_s6,2,4,0.142127632485,0.186654883117,0.271103076407,0.40011440799
Q10-A001,BROAD_LOGE_MDM,s06_1test_r1_t34,6,1test,1,34,3,66595,True,loso_s6,3,4,0.107804783112,0.15229751753,0.265227884367,0.474669814991
Q10-A001,BROAD_LOGE_MDM,s06_1test_r1_t35,6,1test,1,35,3,68638,True,loso_s6,3,4,0.101744423767,0.144305648035,0.264997266635,0.488952661563
Q10-A001,BROAD_LOGE_MDM,s06_1test_r1_t36,6,1test,1,36,3,70702,False,loso_s6,3,4,0.155191030902,0.188220146408,0.280078261567,0.376510561124
Q10-A001,BROAD_LOGE_MDM,s06_1test_r1_t37,6,1test,1,37,4,72722,False,loso_s6,4,4,0.0992641670345,0.139263878747,0.268288981644,0.493182972574
Q10-A001,BROAD_LOGE_MDM,s06_1test_r1_t38,6,1test,1,38,3,74694,True,loso_s6,3,4,0.131032106325,0.172624666829,0.266784698695,0.429558528151
Q10-A001,BROAD_LOGE_MDM,s06_1test_r1_t39,6,1test,1,39,1,76657,True,loso_s6,1,4,0.150461097446,0.189098736593,0.268954928017,0.391485237945
Q10-A001,BROAD_LOGE_MDM,s06_1test_r1_t40,6,1test,1,40,4,78582,True,loso_s6,4,4,0.132378409031,0.175905858829,0.275546976092,0.416168756049
Q10-A001,BROAD_LOGE_MDM,s06_1test_r1_t41,6,1test,1,41,2,80663,False,loso_s6,2,4,0.121341793685,0.166600645462,0.265776226515,0.446281334337
Q10-A001,BROAD_LOGE_MDM,s06_1test_r1_t42,6,1test,1,42,3,82641,False,loso_s6,3,4,0.150061619323,0.191386328322,0.27759249635,0.380959556005
Q10-A001,BROAD_LOGE_MDM,s06_1test_r1_t43,6,1test,1,43,2,84631,True,loso_s6,2,4,0.139458807019,0.176180127431,0.265995172693,0.418365892857
Q10-A001,BROAD_LOGE_MDM,s06_1test_r1_t44,6,1test,1,44,3,86750,False,loso_s6,3,4,0.126197900701,0.166956441955,0.273496390383,0.433349266961
Q10-A001,BROAD_LOGE_MDM,s06_1test_r1_t45,6,1test,1,45,4,88656,True,loso_s6,4,4,0.169259019884,0.199721997148,0.270230432376,0.360788550591
Q10-A001,BROAD_LOGE_MDM,s06_1test_r1_t46,6,1test,1,46,2,90584,True,loso_s6,2,4,0.145574253387,0.184831116602,0.275207808799,0.394386821212
Q10-A001,BROAD_LOGE_MDM,s06_1test_r1_t47,6,1test,1,47,3,92698,True,loso_s6,3,4,0.1101728213,0.154406891743,0.267780486283,0.467639800675
Q10-A001,BROAD_LOGE_MDM,s06_1test_r1_t48,6,1test,1,48,1,94757,True,loso_s6,1,4,0.124632807964,0.165730342172,0.265954993766,0.443681856098
Q10-A001,BROAD_LOGE_MDM,s06_1test_r2_t01,6,1test,2,1,1,250,True,loso_s6,1,4,0.201636810985,0.234212046751,0.272212031181,0.291939111084
Q10-A001,BROAD_LOGE_MDM,s06_1test_r2_t02,6,1test,2,2,1,2253,False,loso_s6,1,4,0.159681392789,0.196444453656,0.273869410877,0.370004742679
Q10-A001,BROAD_LOGE_MDM,s06_1test_r2_t03,6,1test,2,3,4,4171,False,loso_s6,4,4,0.179533305075,0.210601932839,0.274702388071,0.335162374014
Q10-A001,BROAD_LOGE_MDM,s06_1test_r2_t04,6,1test,2,4,2,6123,False,loso_s6,2,4,0.156179833145,0.197391342476,0.283304748095,0.363124076283
Q10-A001,BROAD_LOGE_MDM,s06_1test_r2_t05,6,1test,2,5,1,8131,False,loso_s6,1,4,0.14702533273,0.186235120462,0.275882636232,0.390856910577
Q10-A001,BROAD_LOGE_MDM,s06_1test_r2_t06,6,1test,2,6,3,10242,False,loso_s6,3,4,0.155708935407,0.196754967515,0.283798208196,0.363737888882
Q10-A001,BROAD_LOGE_MDM,s06_1test_r2_t07,6,1test,2,7,1,12159,False,loso_s6,1,4,0.161575591556,0.194772432598,0.278339539162,0.365312436683
Q10-A001,BROAD_LOGE_MDM,s06_1test_r2_t08,6,1test,2,8,3,14209,False,loso_s6,3,4,0.132666204788,0.168216379981,0.278913214204,0.420204201026
Q10-A001,BROAD_LOGE_MDM,s06_1test_r2_t09,6,1test,2,9,2,16140,True,loso_s6,2,4,0.13540956531,0.183217493196,0.277320175743,0.404052765752
Q10-A001,BROAD_LOGE_MDM,s06_1test_r2_t10,6,1test,2,10,4,18138,True,loso_s6,4,4,0.132425314955,0.166090494437,0.278895682597,0.422588508011
Q10-A001,BROAD_LOGE_MDM,s06_1test_r2_t11,6,1test,2,11,1,20044,True,loso_s6,1,4,0.136956714449,0.170837829708,0.274969038274,0.417236417568
Q10-A001,BROAD_LOGE_MDM,s06_1test_r2_t12,6,1test,2,12,3,21939,True,loso_s6,3,4,0.11060038071,0.147034178924,0.269490132636,0.47287530773
Q10-A001,BROAD_LOGE_MDM,s06_1test_r2_t13,6,1test,2,13,3,23911,True,loso_s6,3,4,0.0652971832657,0.102543012073,0.231842298974,0.600317505688
Q10-A001,BROAD_LOGE_MDM,s06_1test_r2_t14,6,1test,2,14,1,25855,False,loso_s6,1,4,0.146337244522,0.178646224162,0.275392899684,0.399623631632
Q10-A001,BROAD_LOGE_MDM,s06_1test_r2_t15,6,1test,2,15,3,27822,False,loso_s6,3,4,0.0900599643438,0.135099509726,0.257743837393,0.517096688537
Q10-A001,BROAD_LOGE_MDM,s06_1test_r2_t16,6,1test,2,16,2,29942,False,loso_s6,2,4,0.111051393155,0.153239006253,0.273996736638,0.461712863953
Q10-A001,BROAD_LOGE_MDM,s06_1test_r2_t17,6,1test,2,17,4,31950,True,loso_s6,4,4,0.145895967914,0.186539693411,0.2757087962,0.391855542475
Q10-A001,BROAD_LOGE_MDM,s06_1test_r2_t18,6,1test,2,18,4,34016,True,loso_s6,4,4,0.100944713815,0.143009578957,0.270408961929,0.485636745299
Q10-A001,BROAD_LOGE_MDM,s06_1test_r2_t19,6,1test,2,19,4,36052,True,loso_s6,4,4,0.172588701556,0.211072065993,0.275920674821,0.340418557629
Q10-A001,BROAD_LOGE_MDM,s06_1test_r2_t20,6,1test,2,20,3,38118,True,loso_s6,3,4,0.101935368025,0.13901309295,0.260789290494,0.49826224853
Q10-A001,BROAD_LOGE_MDM,s06_1test_r2_t21,6,1test,2,21,1,40188,False,loso_s6,1,4,0.196382656761,0.219058779232,0.273953947629,0.310604616377
Q10-A001,BROAD_LOGE_MDM,s06_1test_r2_t22,6,1test,2,22,4,42268,False,loso_s6,4,4,0.0685640129593,0.107812040219,0.245180834982,0.57844311184
Q10-A001,BROAD_LOGE_MDM,s06_1test_r2_t23,6,1test,2,23,2,44180,False,loso_s6,2,4,0.157360287782,0.189651842336,0.27271286425,0.380275005632
Q10-A001,BROAD_LOGE_MDM,s06_1test_r2_t24,6,1test,2,24,4,46211,False,loso_s6,4,4,0.0951615737094,0.130953977205,0.261699378111,0.512185070974
Q10-A001,BROAD_LOGE_MDM,s06_1test_r2_t25,6,1test,2,25,2,48164,True,loso_s6,2,4,0.199063212059,0.226471557981,0.271198428419,0.30326680154
Q10-A001,BROAD_LOGE_MDM,s06_1test_r2_t26,6,1test,2,26,1,50125,True,loso_s6,1,4,0.108318190778,0.153203032534,0.264274409003,0.474204367684
Q10-A001,BROAD_LOGE_MDM,s06_1test_r2_t27,6,1test,2,27,3,52229,False,loso_s6,3,4,0.113485525737,0.153857929897,0.261473593934,0.471182950432
Q10-A001,BROAD_LOGE_MDM,s06_1test_r2_t28,6,1test,2,28,2,54233,False,loso_s6,2,4,0.117816456425,0.160292646621,0.267691305416,0.454199591538
Q10-A001,BROAD_LOGE_MDM,s06_1test_r2_t29,6,1test,2,29,1,56208,True,loso_s6,1,4,0.173691787082,0.211914358199,0.27496081467,0.339433040049
Q10-A001,BROAD_LOGE_MDM,s06_1test_r2_t30,6,1test,2,30,3,58234,True,loso_s6,3,4,0.122886800044,0.165375654078,0.272867482887,0.438870062991
Q10-A001,BROAD_LOGE_MDM,s06_1test_r2_t31,6,1test,2,31,3,60305,False,loso_s6,3,4,0.160664733388,0.197428500732,0.280855074127,0.361051691752
Q10-A001,BROAD_LOGE_MDM,s06_1test_r2_t32,6,1test,2,32,1,62412,True,loso_s6,1,4,0.0818163565798,0.12339984585,0.254282249344,0.540501548226
Q10-A001,BROAD_LOGE_MDM,s06_1test_r2_t33,6,1test,2,33,3,64504,True,loso_s6,3,4,0.134480775462,0.176383449566,0.262880426373,0.426255348599
Q10-A001,BROAD_LOGE_MDM,s06_1test_r2_t34,6,1test,2,34,4,66595,False,loso_s6,4,4,0.180179697726,0.213526560555,0.279313020568,0.326980721151
Q10-A001,BROAD_LOGE_MDM,s06_1test_r2_t35,6,1test,2,35,4,68638,True,loso_s6,4,4,0.115596148644,0.15905942245,0.265834961311,0.459509467596
Q10-A001,BROAD_LOGE_MDM,s06_1test_r2_t36,6,1test,2,36,2,70702,True,loso_s6,2,4,0.149441331719,0.190968039219,0.269523416251,0.390067212812
Q10-A001,BROAD_LOGE_MDM,s06_1test_r2_t37,6,1test,2,37,1,72722,False,loso_s6,1,4,0.0495891197794,0.0818395743973,0.21621768179,0.652353624033
Q10-A001,BROAD_LOGE_MDM,s06_1test_r2_t38,6,1test,2,38,2,74694,False,loso_s6,2,4,0.111775994438,0.157591834552,0.266759007793,0.463873163217
Q10-A001,BROAD_LOGE_MDM,s06_1test_r2_t39,6,1test,2,39,4,76657,False,loso_s6,4,4,0.132092315872,0.166335877823,0.270922430667,0.430649375638
Q10-A001,BROAD_LOGE_MDM,s06_1test_r2_t40,6,1test,2,40,2,78582,True,loso_s6,2,4,0.152455324051,0.188743907972,0.277475718728,0.381325049248
Q10-A001,BROAD_LOGE_MDM,s06_1test_r2_t41,6,1test,2,41,4,80663,True,loso_s6,4,4,0.154301291902,0.191031236202,0.278880014186,0.37578745771
Q10-A001,BROAD_LOGE_MDM,s06_1test_r2_t42,6,1test,2,42,3,82641,False,loso_s6,3,4,0.119151549639,0.15412152154,0.268623649477,0.458103279344
Q10-A001,BROAD_LOGE_MDM,s06_1test_r2_t43,6,1test,2,43,2,84631,True,loso_s6,2,4,0.138916166476,0.179361045066,0.262978920943,0.418743867515
Q10-A001,BROAD_LOGE_MDM,s06_1test_r2_t44,6,1test,2,44,2,86750,False,loso_s6,2,4,0.108598932433,0.147288978821,0.263347947084,0.480764141662
Q10-A001,BROAD_LOGE_MDM,s06_1test_r2_t45,6,1test,2,45,2,88656,False,loso_s6,2,4,0.12641974346,0.168949186603,0.269821176554,0.434809893383
Q10-A001,BROAD_LOGE_MDM,s06_1test_r2_t46,6,1test,2,46,3,90584,True,loso_s6,3,4,0.0863270867834,0.130984719652,0.254120738908,0.528567454657
Q10-A001,BROAD_LOGE_MDM,s06_1test_r2_t47,6,1test,2,47,4,92698,False,loso_s6,4,4,0.114291842941,0.155059172109,0.270962870164,0.459686114786
Q10-A001,BROAD_LOGE_MDM,s06_1test_r2_t48,6,1test,2,48,1,94757,False,loso_s6,1,4,0.117289785572,0.155852415969,0.268781102725,0.458076695733
Q10-A001,BROAD_LOGE_MDM,s06_1test_r3_t01,6,1test,3,1,2,250,True,loso_s6,2,4,0.142374606888,0.174483826698,0.272145448922,0.410996117493
Q10-A001,BROAD_LOGE_MDM,s06_1test_r3_t02,6,1test,3,2,4,2253,False,loso_s6,4,4,0.157572275101,0.190565185633,0.279184412855,0.372678126411
Q10-A001,BROAD_LOGE_MDM,s06_1test_r3_t03,6,1test,3,3,1,4171,False,loso_s6,1,4,0.174244387766,0.203765137725,0.280744688154,0.341245786356
Q10-A001,BROAD_LOGE_MDM,s06_1test_r3_t04,6,1test,3,4,3,6123,False,loso_s6,3,4,0.158220052084,0.188494226825,0.283996355091,0.369289366
Q10-A001,BROAD_LOGE_MDM,s06_1test_r3_t05,6,1test,3,5,3,8131,True,loso_s6,3,4,0.151991518758,0.19240354889,0.286001128715,0.369603803636
Q10-A001,BROAD_LOGE_MDM,s06_1test_r3_t06,6,1test,3,6,4,10242,False,loso_s6,4,4,0.16791580936,0.205590415719,0.285326217916,0.341167557006
Q10-A001,BROAD_LOGE_MDM,s06_1test_r3_t07,6,1test,3,7,1,12159,False,loso_s6,1,4,0.152840898609,0.195226983121,0.284441574847,0.367490543423
Q10-A001,BROAD_LOGE_MDM,s06_1test_r3_t08,6,1test,3,8,1,14209,False,loso_s6,1,4,0.123252426437,0.162511671484,0.267239080803,0.446996821276
Q10-A001,BROAD_LOGE_MDM,s06_1test_r3_t09,6,1test,3,9,3,16140,False,loso_s6,3,4,0.114485090328,0.155237084769,0.268613222611,0.461664602292
Q10-A001,BROAD_LOGE_MDM,s06_1test_r3_t10,6,1test,3,10,2,18138,False,loso_s6,2,4,0.150249740025,0.19253034973,0.278358129772,0.378861780473
Q10-A001,BROAD_LOGE_MDM,s06_1test_r3_t11,6,1test,3,11,4,20044,False,loso_s6,4,4,0.125475742171,0.166859467499,0.274782454521,0.432882335809
Q10-A001,BROAD_LOGE_MDM,s06_1test_r3_t12,6,1test,3,12,4,21939,False,loso_s6,4,4,0.106650901011,0.153222622272,0.271921078031,0.468205398686
Q10-A001,BROAD_LOGE_MDM,s06_1test_r3_t13,6,1test,3,13,4,23911,False,loso_s6,4,4,0.0807968558859,0.119505673016,0.253465746902,0.546231724197
Q10-A001,BROAD_LOGE_MDM,s06_1test_r3_t14,6,1test,3,14,2,25855,False,loso_s6,2,4,0.136179415763,0.181630549986,0.270432150662,0.411757883588
Q10-A001,BROAD_LOGE_MDM,s06_1test_r3_t15,6,1test,3,15,1,27822,False,loso_s6,1,4,0.137653498309,0.169593424698,0.275954899238,0.416798177755
Q10-A001,BROAD_LOGE_MDM,s06_1test_r3_t16,6,1test,3,16,3,29942,False,loso_s6,3,4,0.0463007179608,0.0793503698996,0.217027271801,0.657321640338
Q10-A001,BROAD_LOGE_MDM,s06_1test_r3_t17,6,1test,3,17,2,31950,False,loso_s6,2,4,0.109148965929,0.153025703457,0.268958980526,0.468866350087
Q10-A001,BROAD_LOGE_MDM,s06_1test_r3_t18,6,1test,3,18,4,34016,False,loso_s6,4,4,0.175219277935,0.213290777337,0.283300486465,0.328189458262
Q10-A001,BROAD_LOGE_MDM,s06_1test_r3_t19,6,1test,3,19,1,36052,False,loso_s6,1,4,0.147661607587,0.184627122417,0.279629216682,0.388082053314
Q10-A001,BROAD_LOGE_MDM,s06_1test_r3_t20,6,1test,3,20,4,38118,False,loso_s6,4,4,0.130493557508,0.173838616082,0.270220602672,0.425447223738
Q10-A001,BROAD_LOGE_MDM,s06_1test_r3_t21,6,1test,3,21,3,40188,False,loso_s6,3,4,0.141482874038,0.180512689096,0.271267824612,0.406736612255
Q10-A001,BROAD_LOGE_MDM,s06_1test_r3_t22,6,1test,3,22,2,42268,False,loso_s6,2,4,0.189312113114,0.225370983778,0.274905970192,0.310410932916
Q10-A001,BROAD_LOGE_MDM,s06_1test_r3_t23,6,1test,3,23,4,44180,False,loso_s6,4,4,0.18205332853,0.214191018146,0.28146649589,0.322289157435
Q10-A001,BROAD_LOGE_MDM,s06_1test_r3_t24,6,1test,3,24,4,46211,False,loso_s6,4,4,0.109227046381,0.150370044152,0.274089722905,0.466313186561
Q10-A001,BROAD_LOGE_MDM,s06_1test_r3_t25,6,1test,3,25,1,48164,False,loso_s6,1,4,0.165108138753,0.195243279421,0.277298150199,0.362350431627
Q10-A001,BROAD_LOGE_MDM,s06_1test_r3_t26,6,1test,3,26,2,50125,False,loso_s6,2,4,0.107146793766,0.146087980608,0.26519223133,0.481572994295
Q10-A001,BROAD_LOGE_MDM,s06_1test_r3_t27,6,1test,3,27,2,52229,False,loso_s6,2,4,0.157732755591,0.195165197645,0.275357869293,0.371744177471
Q10-A001,BROAD_LOGE_MDM,s06_1test_r3_t28,6,1test,3,28,3,54233,False,loso_s6,3,4,0.130049002329,0.165415657912,0.277746224368,0.42678911539
Q10-A001,BROAD_LOGE_MDM,s06_1test_r3_t29,6,1test,3,29,4,56208,False,loso_s6,4,4,0.144696014583,0.188740688574,0.277617226581,0.388946070262
Q10-A001,BROAD_LOGE_MDM,s06_1test_r3_t30,6,1test,3,30,2,58234,False,loso_s6,2,4,0.173587063987,0.214426756064,0.282521758198,0.329464421751
Q10-A001,BROAD_LOGE_MDM,s06_1test_r3_t31,6,1test,3,31,1,60305,False,loso_s6,1,4,0.138508424345,0.181854573502,0.273774620981,0.405862381172
Q10-A001,BROAD_LOGE_MDM,s06_1test_r3_t32,6,1test,3,32,1,62412,False,loso_s6,1,4,0.0673915345539,0.107947982974,0.232392710326,0.592267772146
Q10-A001,BROAD_LOGE_MDM,s06_1test_r3_t33,6,1test,3,33,4,64504,False,loso_s6,4,4,0.200467448336,0.228424883097,0.270175779547,0.30093188902
Q10-A001,BROAD_LOGE_MDM,s06_1test_r3_t34,6,1test,3,34,2,66595,False,loso_s6,2,4,0.155535681264,0.196717981929,0.279928559464,0.367817777343
Q10-A001,BROAD_LOGE_MDM,s06_1test_r3_t35,6,1test,3,35,1,68638,False,loso_s6,1,4,0.151664754705,0.186058039652,0.276160703201,0.386116502443
Q10-A001,BROAD_LOGE_MDM,s06_1test_r3_t36,6,1test,3,36,3,70702,False,loso_s6,3,4,0.134769635391,0.167300228323,0.279161916738,0.418768219548
Q10-A001,BROAD_LOGE_MDM,s06_1test_r3_t37,6,1test,3,37,2,72722,True,loso_s6,2,4,0.15410489208,0.192713459721,0.27299660164,0.380185046559
Q10-A001,BROAD_LOGE_MDM,s06_1test_r3_t38,6,1test,3,38,2,74694,False,loso_s6,2,4,0.138427214322,0.186719624371,0.274457415045,0.400395746262
Q10-A001,BROAD_LOGE_MDM,s06_1test_r3_t39,6,1test,3,39,3,76657,False,loso_s6,3,4,0.164270664008,0.203540241483,0.277274008945,0.354915085565
Q10-A001,BROAD_LOGE_MDM,s06_1test_r3_t40,6,1test,3,40,1,78582,False,loso_s6,1,4,0.209548747514,0.236922431952,0.273346997167,0.280181823367
Q10-A001,BROAD_LOGE_MDM,s06_1test_r3_t41,6,1test,3,41,4,80663,False,loso_s6,4,4,0.128172175683,0.172118794677,0.276663296733,0.423045732908
Q10-A001,BROAD_LOGE_MDM,s06_1test_r3_t42,6,1test,3,42,3,82641,False,loso_s6,3,4,0.139584280303,0.182344653928,0.273880306847,0.404190758922
Q10-A001,BROAD_LOGE_MDM,s06_1test_r3_t43,6,1test,3,43,3,84631,False,loso_s6,3,4,0.0711476012762,0.111124871426,0.247567496626,0.570160030671
Q10-A001,BROAD_LOGE_MDM,s06_1test_r3_t44,6,1test,3,44,3,86750,False,loso_s6,3,4,0.0765941672531,0.113220703469,0.249334660918,0.56085046836
Q10-A001,BROAD_LOGE_MDM,s06_1test_r3_t45,6,1test,3,45,3,88656,False,loso_s6,3,4,0.0975281178244,0.142784962097,0.260055337952,0.499631582126
Q10-A001,BROAD_LOGE_MDM,s06_1test_r3_t46,6,1test,3,46,1,90584,True,loso_s6,1,4,0.174608702038,0.211430048942,0.271684819067,0.342276429953
Q10-A001,BROAD_LOGE_MDM,s06_1test_r3_t47,6,1test,3,47,2,92698,False,loso_s6,2,4,0.162625699849,0.203221438027,0.273673788861,0.360479073263
Q10-A001,BROAD_LOGE_MDM,s06_1test_r3_t48,6,1test,3,48,1,94757,True,loso_s6,1,4,0.159961348535,0.196417841236,0.275822451154,0.367798359075
Q10-A001,BROAD_LOGE_MDM,s06_1test_r4_t01,6,1test,4,1,2,250,True,loso_s6,2,4,0.194903941761,0.222052461497,0.277646368375,0.305397228366
Q10-A001,BROAD_LOGE_MDM,s06_1test_r4_t02,6,1test,4,2,1,2253,True,loso_s6,1,4,0.162120443363,0.197279967072,0.282535741581,0.358063847984
Q10-A001,BROAD_LOGE_MDM,s06_1test_r4_t03,6,1test,4,3,1,4171,True,loso_s6,1,4,0.155481579932,0.193123029717,0.280209910644,0.371185479707
Q10-A001,BROAD_LOGE_MDM,s06_1test_r4_t04,6,1test,4,4,3,6123,False,loso_s6,3,4,0.11340343478,0.151091028451,0.268459958082,0.467045578686
Q10-A001,BROAD_LOGE_MDM,s06_1test_r4_t05,6,1test,4,5,3,8131,False,loso_s6,3,4,0.129364453079,0.172465102463,0.272806884941,0.425363559517
Q10-A001,BROAD_LOGE_MDM,s06_1test_r4_t06,6,1test,4,6,2,10242,False,loso_s6,2,4,0.172609475074,0.207883923355,0.277975925019,0.341530676552
Q10-A001,BROAD_LOGE_MDM,s06_1test_r4_t07,6,1test,4,7,3,12159,False,loso_s6,3,4,0.119632568076,0.154277012074,0.266143755514,0.459946664335
Q10-A001,BROAD_LOGE_MDM,s06_1test_r4_t08,6,1test,4,8,4,14209,False,loso_s6,4,4,0.139778967933,0.180537518668,0.275904466213,0.403779047186
Q10-A001,BROAD_LOGE_MDM,s06_1test_r4_t09,6,1test,4,9,1,16140,True,loso_s6,1,4,0.126958212017,0.164222786155,0.272295139298,0.436523862531
Q10-A001,BROAD_LOGE_MDM,s06_1test_r4_t10,6,1test,4,10,4,18138,False,loso_s6,4,4,0.0691621282602,0.109974208796,0.243979152996,0.576884509948
Q10-A001,BROAD_LOGE_MDM,s06_1test_r4_t11,6,1test,4,11,1,20044,False,loso_s6,1,4,0.126456889008,0.169283563699,0.267335817808,0.436923729486
Q10-A001,BROAD_LOGE_MDM,s06_1test_r4_t12,6,1test,4,12,1,21939,False,loso_s6,1,4,0.144364989397,0.182520617595,0.27543333911,0.397681053898
Q10-A001,BROAD_LOGE_MDM,s06_1test_r4_t13,6,1test,4,13,2,23911,False,loso_s6,2,4,0.0644508492893,0.101565830806,0.238698772364,0.595284547541
Q10-A001,BROAD_LOGE_MDM,s06_1test_r4_t14,6,1test,4,14,4,25855,False,loso_s6,4,4,0.110616459535,0.150849631912,0.266892973845,0.471640934709
Q10-A001,BROAD_LOGE_MDM,s06_1test_r4_t15,6,1test,4,15,3,27822,False,loso_s6,3,4,0.0941217821283,0.136304447422,0.251901561176,0.517672209274
Q10-A001,BROAD_LOGE_MDM,s06_1test_r4_t16,6,1test,4,16,2,29942,False,loso_s6,2,4,0.168331506756,0.202572049458,0.280870457568,0.348225986217
Q10-A001,BROAD_LOGE_MDM,s06_1test_r4_t17,6,1test,4,17,4,31950,False,loso_s6,4,4,0.113364210726,0.15693059613,0.267742962713,0.461962230431
Q10-A001,BROAD_LOGE_MDM,s06_1test_r4_t18,6,1test,4,18,3,34016,False,loso_s6,3,4,0.171580052474,0.207964808592,0.276305493607,0.344149645327
Q10-A001,BROAD_LOGE_MDM,s06_1test_r4_t19,6,1test,4,19,4,36052,True,loso_s6,4,4,0.195716035685,0.221945966622,0.265119730352,0.317218267341
Q10-A001,BROAD_LOGE_MDM,s06_1test_r4_t20,6,1test,4,20,3,38118,False,loso_s6,3,4,0.0994342646438,0.142047336599,0.261858663282,0.496659735475
Q10-A001,BROAD_LOGE_MDM,s06_1test_r4_t21,6,1test,4,21,4,40188,True,loso_s6,4,4,0.118610067697,0.173532009805,0.272046794431,0.435811128066
Q10-A001,BROAD_LOGE_MDM,s06_1test_r4_t22,6,1test,4,22,2,42268,False,loso_s6,2,4,0.162879024696,0.205245587013,0.268530980012,0.363344408278
Q10-A001,BROAD_LOGE_MDM,s06_1test_r4_t23,6,1test,4,23,2,44180,False,loso_s6,2,4,0.125713170417,0.169986931657,0.27248524996,0.431814647966
Q10-A001,BROAD_LOGE_MDM,s06_1test_r4_t24,6,1test,4,24,4,46211,False,loso_s6,4,4,0.101448791138,0.148533012168,0.262486430545,0.487531766148
Q10-A001,BROAD_LOGE_MDM,s06_1test_r4_t25,6,1test,4,25,1,48164,False,loso_s6,1,4,0.149139005587,0.189453806629,0.274296946945,0.387110240839
Q10-A001,BROAD_LOGE_MDM,s06_1test_r4_t26,6,1test,4,26,2,50125,False,loso_s6,2,4,0.115287733668,0.150540373973,0.265453958294,0.468717934065
Q10-A001,BROAD_LOGE_MDM,s06_1test_r4_t27,6,1test,4,27,2,52229,False,loso_s6,2,4,0.160360614765,0.199739589,0.274584388307,0.365315407928
Q10-A001,BROAD_LOGE_MDM,s06_1test_r4_t28,6,1test,4,28,2,54233,False,loso_s6,2,4,0.15469512327,0.194706453021,0.271856830068,0.378741593641
Q10-A001,BROAD_LOGE_MDM,s06_1test_r4_t29,6,1test,4,29,3,56208,False,loso_s6,3,4,0.155859079151,0.191196823178,0.280113986136,0.372830111535
Q10-A001,BROAD_LOGE_MDM,s06_1test_r4_t30,6,1test,4,30,4,58234,False,loso_s6,4,4,0.194850626244,0.224645338414,0.272405363945,0.308098671397
Q10-A001,BROAD_LOGE_MDM,s06_1test_r4_t31,6,1test,4,31,1,60305,False,loso_s6,1,4,0.162159897703,0.195413571885,0.278998944345,0.363427586067
Q10-A001,BROAD_LOGE_MDM,s06_1test_r4_t32,6,1test,4,32,4,62412,False,loso_s6,4,4,0.185747825187,0.211084804463,0.282738330856,0.320429039494
Q10-A001,BROAD_LOGE_MDM,s06_1test_r4_t33,6,1test,4,33,1,64504,False,loso_s6,1,4,0.153080975883,0.195486805699,0.276983496758,0.374448721659
Q10-A001,BROAD_LOGE_MDM,s06_1test_r4_t34,6,1test,4,34,3,66595,True,loso_s6,3,4,0.1087463989,0.153067636744,0.269470613816,0.46871535054
Q10-A001,BROAD_LOGE_MDM,s06_1test_r4_t35,6,1test,4,35,1,68638,True,loso_s6,1,4,0.157907849772,0.192389351594,0.277212741623,0.37249005701
Q10-A001,BROAD_LOGE_MDM,s06_1test_r4_t36,6,1test,4,36,4,70702,True,loso_s6,4,4,0.14593594371,0.181416033939,0.275287117237,0.397360905114
Q10-A001,BROAD_LOGE_MDM,s06_1test_r4_t37,6,1test,4,37,1,72722,False,loso_s6,1,4,0.19192960924,0.22909966177,0.275148119585,0.303822609405
Q10-A001,BROAD_LOGE_MDM,s06_1test_r4_t38,6,1test,4,38,3,74694,False,loso_s6,3,4,0.0738476441236,0.111102052542,0.244825230805,0.570225072529
Q10-A001,BROAD_LOGE_MDM,s06_1test_r4_t39,6,1test,4,39,1,76657,False,loso_s6,1,4,0.0894688332989,0.132993209787,0.258440879961,0.519097076953
Q10-A001,BROAD_LOGE_MDM,s06_1test_r4_t40,6,1test,4,40,2,78582,True,loso_s6,2,4,0.222788455265,0.240434357501,0.263041975611,0.273735211623
Q10-A001,BROAD_LOGE_MDM,s06_1test_r4_t41,6,1test,4,41,3,80663,False,loso_s6,3,4,0.108628169648,0.146029603724,0.256791728602,0.488550498026
Q10-A001,BROAD_LOGE_MDM,s06_1test_r4_t42,6,1test,4,42,3,82641,True,loso_s6,3,4,0.10740038979,0.149614136157,0.25964815809,0.483337315963
Q10-A001,BROAD_LOGE_MDM,s06_1test_r4_t43,6,1test,4,43,4,84631,True,loso_s6,4,4,0.149168644937,0.182211103857,0.272518395092,0.396101856114
Q10-A001,BROAD_LOGE_MDM,s06_1test_r4_t44,6,1test,4,44,1,86750,True,loso_s6,1,4,0.135964854862,0.162787762837,0.264952965207,0.436294417094
Q10-A001,BROAD_LOGE_MDM,s06_1test_r4_t45,6,1test,4,45,2,88656,False,loso_s6,2,4,0.155327835206,0.200485612453,0.272695124413,0.371491427928
Q10-A001,BROAD_LOGE_MDM,s06_1test_r4_t46,6,1test,4,46,4,90584,False,loso_s6,4,4,0.160515407136,0.19375971533,0.269260622117,0.376464255417
Q10-A001,BROAD_LOGE_MDM,s06_1test_r4_t47,6,1test,4,47,2,92698,True,loso_s6,2,4,0.0680026914082,0.105042813599,0.248652470828,0.578302024165
Q10-A001,BROAD_LOGE_MDM,s06_1test_r4_t48,6,1test,4,48,3,94757,False,loso_s6,3,4,0.0625095837462,0.101927693011,0.232056137875,0.603506585368
Q10-A001,BROAD_LOGE_MDM,s06_1test_r5_t01,6,1test,5,1,3,250,True,loso_s6,3,4,0.164167823897,0.201733289127,0.27713441046,0.356964476516
Q10-A001,BROAD_LOGE_MDM,s06_1test_r5_t02,6,1test,5,2,1,2253,True,loso_s6,1,4,0.181979467105,0.214843011648,0.273898435108,0.32927908614
Q10-A001,BROAD_LOGE_MDM,s06_1test_r5_t03,6,1test,5,3,4,4171,False,loso_s6,4,4,0.157590237084,0.197301745986,0.280179677968,0.364928338962
Q10-A001,BROAD_LOGE_MDM,s06_1test_r5_t04,6,1test,5,4,2,6123,False,loso_s6,2,4,0.176620480526,0.208581082208,0.276466407761,0.338332029505
Q10-A001,BROAD_LOGE_MDM,s06_1test_r5_t05,6,1test,5,5,4,8131,False,loso_s6,4,4,0.129417127038,0.174322396312,0.273549275883,0.422711200767
Q10-A001,BROAD_LOGE_MDM,s06_1test_r5_t06,6,1test,5,6,1,10242,False,loso_s6,1,4,0.153333050794,0.204665294557,0.269655751634,0.372345903015
Q10-A001,BROAD_LOGE_MDM,s06_1test_r5_t07,6,1test,5,7,1,12159,False,loso_s6,1,4,0.170926584245,0.207687526157,0.27476916723,0.346616722368
Q10-A001,BROAD_LOGE_MDM,s06_1test_r5_t08,6,1test,5,8,3,14209,False,loso_s6,3,4,0.0925350567011,0.131252719689,0.257307446951,0.518904776659
Q10-A001,BROAD_LOGE_MDM,s06_1test_r5_t09,6,1test,5,9,3,16140,False,loso_s6,3,4,0.0826976404084,0.123385371527,0.251895357113,0.542021630952
Q10-A001,BROAD_LOGE_MDM,s06_1test_r5_t10,6,1test,5,10,2,18138,False,loso_s6,2,4,0.119382425419,0.164707653848,0.273661183955,0.442248736778
Q10-A001,BROAD_LOGE_MDM,s06_1test_r5_t11,6,1test,5,11,4,20044,False,loso_s6,4,4,0.119796576594,0.158496271631,0.272051354353,0.449655797422
Q10-A001,BROAD_LOGE_MDM,s06_1test_r5_t12,6,1test,5,12,2,21939,False,loso_s6,2,4,0.0960719617685,0.136806183215,0.249628346763,0.517493508254
Q10-A001,BROAD_LOGE_MDM,s06_1test_r5_t13,6,1test,5,13,2,23911,False,loso_s6,2,4,0.0773232821499,0.117483456108,0.246327009646,0.558866252096
Q10-A001,BROAD_LOGE_MDM,s06_1test_r5_t14,6,1test,5,14,1,25855,False,loso_s6,1,4,0.131783045223,0.16700219487,0.275698107019,0.425516652888
Q10-A001,BROAD_LOGE_MDM,s06_1test_r5_t15,6,1test,5,15,2,27822,False,loso_s6,2,4,0.142774511511,0.180791951068,0.272742844792,0.403690692629
Q10-A001,BROAD_LOGE_MDM,s06_1test_r5_t16,6,1test,5,16,4,29942,False,loso_s6,4,4,0.126104700098,0.163319466681,0.282130069668,0.428445763553
Q10-A001,BROAD_LOGE_MDM,s06_1test_r5_t17,6,1test,5,17,4,31950,False,loso_s6,4,4,0.152301475181,0.184729728716,0.280140611892,0.382828184211
Q10-A001,BROAD_LOGE_MDM,s06_1test_r5_t18,6,1test,5,18,2,34016,False,loso_s6,2,4,0.127803836619,0.171213672497,0.271790048419,0.429192442465
Q10-A001,BROAD_LOGE_MDM,s06_1test_r5_t19,6,1test,5,19,2,36052,False,loso_s6,2,4,0.175460526955,0.195631454471,0.271079056221,0.357828962353
Q10-A001,BROAD_LOGE_MDM,s06_1test_r5_t20,6,1test,5,20,2,38118,False,loso_s6,2,4,0.126019569303,0.163899507001,0.268537943953,0.441542979744
Q10-A001,BROAD_LOGE_MDM,s06_1test_r5_t21,6,1test,5,21,2,40188,False,loso_s6,2,4,0.0663497189542,0.109070909759,0.236513453318,0.588065917969
Q10-A001,BROAD_LOGE_MDM,s06_1test_r5_t22,6,1test,5,22,4,42268,False,loso_s6,4,4,0.169967996288,0.205958809014,0.286925189048,0.33714800565
Q10-A001,BROAD_LOGE_MDM,s06_1test_r5_t23,6,1test,5,23,4,44180,False,loso_s6,4,4,0.118753436333,0.161613449936,0.271029986397,0.448603127333
Q10-A001,BROAD_LOGE_MDM,s06_1test_r5_t24,6,1test,5,24,3,46211,False,loso_s6,3,4,0.109471015687,0.153985034513,0.271212560662,0.465331389138
Q10-A001,BROAD_LOGE_MDM,s06_1test_r5_t25,6,1test,5,25,4,48164,False,loso_s6,4,4,0.119447119803,0.164711901672,0.273577091804,0.442263886722
Q10-A001,BROAD_LOGE_MDM,s06_1test_r5_t26,6,1test,5,26,1,50125,False,loso_s6,1,4,0.125933683182,0.160669493867,0.263941163994,0.449455658957
Q10-A001,BROAD_LOGE_MDM,s06_1test_r5_t27,6,1test,5,27,2,52229,False,loso_s6,2,4,0.131044285169,0.173196847487,0.274489443519,0.421269423825
Q10-A001,BROAD_LOGE_MDM,s06_1test_r5_t28,6,1test,5,28,3,54233,False,loso_s6,3,4,0.124521863792,0.166953625401,0.271925004926,0.436599505881
Q10-A001,BROAD_LOGE_MDM,s06_1test_r5_t29,6,1test,5,29,2,56208,False,loso_s6,2,4,0.158975158968,0.199969412663,0.274184586143,0.366870842227
Q10-A001,BROAD_LOGE_MDM,s06_1test_r5_t30,6,1test,5,30,1,58234,False,loso_s6,1,4,0.0799003399598,0.121593775263,0.251192046616,0.54731383816
Q10-A001,BROAD_LOGE_MDM,s06_1test_r5_t31,6,1test,5,31,4,60305,False,loso_s6,4,4,0.120806743323,0.162771156428,0.263341118303,0.453080981946
Q10-A001,BROAD_LOGE_MDM,s06_1test_r5_t32,6,1test,5,32,1,62412,False,loso_s6,1,4,0.181472426736,0.21552488353,0.277278265225,0.325724424508
Q10-A001,BROAD_LOGE_MDM,s06_1test_r5_t33,6,1test,5,33,4,64504,False,loso_s6,4,4,0.0958104551705,0.139224350998,0.258477720667,0.506487473164
Q10-A001,BROAD_LOGE_MDM,s06_1test_r5_t34,6,1test,5,34,1,66595,False,loso_s6,1,4,0.19406127066,0.2257134487,0.271063767506,0.309161513134
Q10-A001,BROAD_LOGE_MDM,s06_1test_r5_t35,6,1test,5,35,1,68638,False,loso_s6,1,4,0.138798609572,0.17796900078,0.273352306732,0.409880082916
Q10-A001,BROAD_LOGE_MDM,s06_1test_r5_t36,6,1test,5,36,1,70702,True,loso_s6,1,4,0.153545443564,0.19309447308,0.27417587955,0.379184203806
Q10-A001,BROAD_LOGE_MDM,s06_1test_r5_t37,6,1test,5,37,1,72722,False,loso_s6,1,4,0.109385439024,0.148586740296,0.261606680234,0.480421140445
Q10-A001,BROAD_LOGE_MDM,s06_1test_r5_t38,6,1test,5,38,3,74694,False,loso_s6,3,4,0.11886752073,0.157497585416,0.260387217725,0.463247676129
Q10-A001,BROAD_LOGE_MDM,s06_1test_r5_t39,6,1test,5,39,3,76657,True,loso_s6,3,4,0.155366036525,0.193503941565,0.268383851422,0.382746170488
Q10-A001,BROAD_LOGE_MDM,s06_1test_r5_t40,6,1test,5,40,4,78582,False,loso_s6,4,4,0.12718896446,0.170588519573,0.277483820659,0.424738695308
Q10-A001,BROAD_LOGE_MDM,s06_1test_r5_t41,6,1test,5,41,2,80663,False,loso_s6,2,4,0.129815975175,0.173250164719,0.27284721635,0.424086643757
Q10-A001,BROAD_LOGE_MDM,s06_1test_r5_t42,6,1test,5,42,3,82641,False,loso_s6,3,4,0.0947167396372,0.132433860973,0.261268459964,0.511580939425
Q10-A001,BROAD_LOGE_MDM,s06_1test_r5_t43,6,1test,5,43,3,84631,False,loso_s6,3,4,0.147807677781,0.18196162032,0.27043157936,0.399799122539
Q10-A001,BROAD_LOGE_MDM,s06_1test_r5_t44,6,1test,5,44,3,86750,False,loso_s6,3,4,0.135540380973,0.173996710352,0.266152892398,0.424310016278
Q10-A001,BROAD_LOGE_MDM,s06_1test_r5_t45,6,1test,5,45,4,88656,False,loso_s6,4,4,0.18322175386,0.208029075099,0.273189486086,0.335559684954
Q10-A001,BROAD_LOGE_MDM,s06_1test_r5_t46,6,1test,5,46,3,90584,False,loso_s6,3,4,0.108675972933,0.152018747862,0.272186673984,0.467118605221
Q10-A001,BROAD_LOGE_MDM,s06_1test_r5_t47,6,1test,5,47,1,92698,False,loso_s6,1,4,0.153209305913,0.188430298064,0.278883981714,0.379476414309
Q10-A001,BROAD_LOGE_MDM,s06_1test_r5_t48,6,1test,5,48,3,94757,False,loso_s6,3,4,0.117143408482,0.155349732906,0.267078414668,0.460428443943
