sample_id,subject,session,run,trial,label,event_sample,artifact_flagged,experiment_id,condition,fold,seed,selected_epochs,selection_rule,y_true,y_pred,p_class_1,p_class_2,p_class_3,p_class_4
s08_0train_r0_t01,8,0train,0,1,1,250,False,Q12-E002,CHANNEL_DROPOUT,loso_s8,20260926,21,mean_rank,1,3,0.32868278,0.07257437,0.36009657,0.23864627
s08_0train_r0_t02,8,0train,0,2,2,2253,False,Q12-E002,CHANNEL_DROPOUT,loso_s8,20260926,21,mean_rank,2,2,0.051061742,0.5629884,0.20581289,0.18013692
s08_0train_r0_t03,8,0train,0,3,2,4171,True,Q12-E002,CHANNEL_DROPOUT,loso_s8,20260926,21,mean_rank,2,3,0.099500336,0.23319113,0.42406997,0.2432386
s08_0train_r0_t04,8,0train,0,4,1,6123,False,Q12-E002,CHANNEL_DROPOUT,loso_s8,20260926,21,mean_rank,1,4,0.10834496,0.2508752,0.24853112,0.39224875
s08_0train_r0_t05,8,0train,0,5,2,8131,True,Q12-E002,CHANNEL_DROPOUT,loso_s8,20260926,21,mean_rank,2,2,0.040102363,0.38564163,0.26475298,0.30950302
s08_0train_r0_t06,8,0train,0,6,1,10242,False,Q12-E002,CHANNEL_DROPOUT,loso_s8,20260926,21,mean_rank,1,3,0.078294225,0.079586305,0.5839394,0.25818014
s08_0train_r0_t07,8,0train,0,7,2,12159,False,Q12-E002,CHANNEL_DROPOUT,loso_s8,20260926,21,mean_rank,2,2,0.007557005,0.6122094,0.20302552,0.17720813
s08_0train_r0_t08,8,0train,0,8,3,14209,False,Q12-E002,CHANNEL_DROPOUT,loso_s8,20260926,21,mean_rank,3,1,0.2884308,0.20245506,0.25843403,0.25068012
s08_0train_r0_t09,8,0train,0,9,2,16140,False,Q12-E002,CHANNEL_DROPOUT,loso_s8,20260926,21,mean_rank,2,4,0.025622746,0.2932329,0.31792986,0.3632145
s08_0train_r0_t10,8,0train,0,10,4,18138,False,Q12-E002,CHANNEL_DROPOUT,loso_s8,20260926,21,mean_rank,4,3,0.04503177,0.13244718,0.48684114,0.33567995
s08_0train_r0_t11,8,0train,0,11,1,20044,False,Q12-E002,CHANNEL_DROPOUT,loso_s8,20260926,21,mean_rank,1,4,0.28724867,0.15349114,0.18926933,0.36999086
s08_0train_r0_t12,8,0train,0,12,3,21939,True,Q12-E002,CHANNEL_DROPOUT,loso_s8,20260926,21,mean_rank,3,4,0.03921459,0.16580138,0.28911763,0.5058664
s08_0train_r0_t13,8,0train,0,13,2,23911,False,Q12-E002,CHANNEL_DROPOUT,loso_s8,20260926,21,mean_rank,2,4,0.08995964,0.164537,0.10200107,0.64350224
s08_0train_r0_t14,8,0train,0,14,1,25855,False,Q12-E002,CHANNEL_DROPOUT,loso_s8,20260926,21,mean_rank,1,1,0.29885134,0.122332424,0.28844258,0.29037365
s08_0train_r0_t15,8,0train,0,15,4,27822,False,Q12-E002,CHANNEL_DROPOUT,loso_s8,20260926,21,mean_rank,4,4,0.064497955,0.08959688,0.35687006,0.4890351
s08_0train_r0_t16,8,0train,0,16,4,29942,False,Q12-E002,CHANNEL_DROPOUT,loso_s8,20260926,21,mean_rank,4,4,0.041629724,0.058114473,0.2230607,0.67719513
s08_0train_r0_t17,8,0train,0,17,4,31950,False,Q12-E002,CHANNEL_DROPOUT,loso_s8,20260926,21,mean_rank,4,3,0.1822569,0.2214072,0.31188527,0.28445062
s08_0train_r0_t18,8,0train,0,18,4,34016,False,Q12-E002,CHANNEL_DROPOUT,loso_s8,20260926,21,mean_rank,4,4,0.11335078,0.020161793,0.032663118,0.8338243
s08_0train_r0_t19,8,0train,0,19,4,36052,False,Q12-E002,CHANNEL_DROPOUT,loso_s8,20260926,21,mean_rank,4,2,0.03650293,0.34792084,0.31814784,0.29742843
s08_0train_r0_t20,8,0train,0,20,1,38118,False,Q12-E002,CHANNEL_DROPOUT,loso_s8,20260926,21,mean_rank,1,1,0.5501552,0.10160759,0.13265295,0.21558423
s08_0train_r0_t21,8,0train,0,21,3,40188,True,Q12-E002,CHANNEL_DROPOUT,loso_s8,20260926,21,mean_rank,3,3,0.08506431,0.20846163,0.38074732,0.32572678
s08_0train_r0_t22,8,0train,0,22,2,42268,False,Q12-E002,CHANNEL_DROPOUT,loso_s8,20260926,21,mean_rank,2,4,0.060880266,0.23907314,0.08844618,0.61160046
s08_0train_r0_t23,8,0train,0,23,1,44180,False,Q12-E002,CHANNEL_DROPOUT,loso_s8,20260926,21,mean_rank,1,1,0.3415759,0.16777918,0.2683884,0.22225654
s08_0train_r0_t24,8,0train,0,24,1,46211,False,Q12-E002,CHANNEL_DROPOUT,loso_s8,20260926,21,mean_rank,1,3,0.2910497,0.14300957,0.38198313,0.18395762
s08_0train_r0_t25,8,0train,0,25,3,48164,False,Q12-E002,CHANNEL_DROPOUT,loso_s8,20260926,21,mean_rank,3,3,0.01836375,0.21168315,0.4546136,0.3153396
s08_0train_r0_t26,8,0train,0,26,4,50125,False,Q12-E002,CHANNEL_DROPOUT,loso_s8,20260926,21,mean_rank,4,4,0.0031881651,0.09299471,0.09090985,0.8129073
s08_0train_r0_t27,8,0train,0,27,1,52229,False,Q12-E002,CHANNEL_DROPOUT,loso_s8,20260926,21,mean_rank,1,1,0.51875085,0.11922639,0.18168402,0.18033877
s08_0train_r0_t28,8,0train,0,28,3,54233,False,Q12-E002,CHANNEL_DROPOUT,loso_s8,20260926,21,mean_rank,3,3,0.32528248,0.15418485,0.36220506,0.1583276
s08_0train_r0_t29,8,0train,0,29,3,56208,False,Q12-E002,CHANNEL_DROPOUT,loso_s8,20260926,21,mean_rank,3,4,0.011426561,0.2086649,0.27893305,0.5009755
s08_0train_r0_t30,8,0train,0,30,3,58234,False,Q12-E002,CHANNEL_DROPOUT,loso_s8,20260926,21,mean_rank,3,4,0.068870634,0.11337397,0.383215,0.43454036
s08_0train_r0_t31,8,0train,0,31,1,60305,False,Q12-E002,CHANNEL_DROPOUT,loso_s8,20260926,21,mean_rank,1,1,0.5643254,0.03444904,0.17505802,0.22616749
s08_0train_r0_t32,8,0train,0,32,2,62412,True,Q12-E002,CHANNEL_DROPOUT,loso_s8,20260926,21,mean_rank,2,2,0.065620214,0.56246686,0.14946942,0.22244346
s08_0train_r0_t33,8,0train,0,33,1,64504,False,Q12-E002,CHANNEL_DROPOUT,loso_s8,20260926,21,mean_rank,1,1,0.3603206,0.10429143,0.25156084,0.28382713
s08_0train_r0_t34,8,0train,0,34,2,66595,False,Q12-E002,CHANNEL_DROPOUT,loso_s8,20260926,21,mean_rank,2,2,0.12690534,0.49053767,0.21247669,0.17008024
s08_0train_r0_t35,8,0train,0,35,2,68638,False,Q12-E002,CHANNEL_DROPOUT,loso_s8,20260926,21,mean_rank,2,2,0.005341079,0.41234815,0.2334294,0.34888133
s08_0train_r0_t36,8,0train,0,36,1,70702,False,Q12-E002,CHANNEL_DROPOUT,loso_s8,20260926,21,mean_rank,1,3,0.14640503,0.2843541,0.29761007,0.27163076
s08_0train_r0_t37,8,0train,0,37,2,72722,False,Q12-E002,CHANNEL_DROPOUT,loso_s8,20260926,21,mean_rank,2,2,0.21428785,0.45744663,0.11730555,0.21096002
s08_0train_r0_t38,8,0train,0,38,3,74694,False,Q12-E002,CHANNEL_DROPOUT,loso_s8,20260926,21,mean_rank,3,3,0.064168125,0.13594086,0.5189513,0.2809397
s08_0train_r0_t39,8,0train,0,39,2,76657,False,Q12-E002,CHANNEL_DROPOUT,loso_s8,20260926,21,mean_rank,2,2,0.036753677,0.40945265,0.33696896,0.21682473
s08_0train_r0_t40,8,0train,0,40,3,78582,False,Q12-E002,CHANNEL_DROPOUT,loso_s8,20260926,21,mean_rank,3,3,0.09223082,0.24457109,0.37474278,0.28845525
s08_0train_r0_t41,8,0train,0,41,3,80663,False,Q12-E002,CHANNEL_DROPOUT,loso_s8,20260926,21,mean_rank,3,3,0.0771279,0.12095626,0.50515383,0.29676202
s08_0train_r0_t42,8,0train,0,42,4,82641,False,Q12-E002,CHANNEL_DROPOUT,loso_s8,20260926,21,mean_rank,4,3,0.040036827,0.1612139,0.5485292,0.25022
s08_0train_r0_t43,8,0train,0,43,3,84631,False,Q12-E002,CHANNEL_DROPOUT,loso_s8,20260926,21,mean_rank,3,2,0.010264487,0.44279876,0.25887457,0.28806219
s08_0train_r0_t44,8,0train,0,44,3,86750,False,Q12-E002,CHANNEL_DROPOUT,loso_s8,20260926,21,mean_rank,3,3,0.11877197,0.10788264,0.45435834,0.31898707
s08_0train_r0_t45,8,0train,0,45,4,88656,False,Q12-E002,CHANNEL_DROPOUT,loso_s8,20260926,21,mean_rank,4,3,0.024524352,0.037401564,0.5806893,0.3573847
s08_0train_r0_t46,8,0train,0,46,4,90584,False,Q12-E002,CHANNEL_DROPOUT,loso_s8,20260926,21,mean_rank,4,3,0.010617727,0.24253465,0.44161832,0.30522934
s08_0train_r0_t47,8,0train,0,47,4,92698,False,Q12-E002,CHANNEL_DROPOUT,loso_s8,20260926,21,mean_rank,4,4,0.026890125,0.070288815,0.05944421,0.84337693
s08_0train_r0_t48,8,0train,0,48,4,94757,False,Q12-E002,CHANNEL_DROPOUT,loso_s8,20260926,21,mean_rank,4,3,0.004202775,0.13896751,0.4705727,0.38625705
s08_0train_r1_t01,8,0train,1,1,4,250,False,Q12-E002,CHANNEL_DROPOUT,loso_s8,20260926,21,mean_rank,4,4,0.0060997605,0.045142546,0.120113,0.8286447
s08_0train_r1_t02,8,0train,1,2,3,2253,False,Q12-E002,CHANNEL_DROPOUT,loso_s8,20260926,21,mean_rank,3,3,0.19190297,0.2127943,0.41390115,0.1814016
s08_0train_r1_t03,8,0train,1,3,2,4171,False,Q12-E002,CHANNEL_DROPOUT,loso_s8,20260926,21,mean_rank,2,2,0.009683903,0.43869618,0.29654944,0.25507042
s08_0train_r1_t04,8,0train,1,4,1,6123,False,Q12-E002,CHANNEL_DROPOUT,loso_s8,20260926,21,mean_rank,1,1,0.45766953,0.0691356,0.24202931,0.23116566
s08_0train_r1_t05,8,0train,1,5,1,8131,False,Q12-E002,CHANNEL_DROPOUT,loso_s8,20260926,21,mean_rank,1,4,0.16054735,0.050449252,0.10341719,0.6855862
s08_0train_r1_t06,8,0train,1,6,2,10242,False,Q12-E002,CHANNEL_DROPOUT,loso_s8,20260926,21,mean_rank,2,2,0.0047105984,0.5084245,0.30029234,0.18657255
s08_0train_r1_t07,8,0train,1,7,3,12159,False,Q12-E002,CHANNEL_DROPOUT,loso_s8,20260926,21,mean_rank,3,4,0.18053973,0.16229579,0.2324471,0.42471737
s08_0train_r1_t08,8,0train,1,8,4,14209,False,Q12-E002,CHANNEL_DROPOUT,loso_s8,20260926,21,mean_rank,4,4,0.025607254,0.18011244,0.24527588,0.54900444
s08_0train_r1_t09,8,0train,1,9,2,16140,False,Q12-E002,CHANNEL_DROPOUT,loso_s8,20260926,21,mean_rank,2,2,0.19185178,0.4168606,0.24724387,0.14404376
s08_0train_r1_t10,8,0train,1,10,3,18138,False,Q12-E002,CHANNEL_DROPOUT,loso_s8,20260926,21,mean_rank,3,3,0.07623057,0.20405112,0.41964257,0.30007574
s08_0train_r1_t11,8,0train,1,11,1,20044,False,Q12-E002,CHANNEL_DROPOUT,loso_s8,20260926,21,mean_rank,1,3,0.28291336,0.19647285,0.28731036,0.23330341
s08_0train_r1_t12,8,0train,1,12,1,21939,True,Q12-E002,CHANNEL_DROPOUT,loso_s8,20260926,21,mean_rank,1,1,0.39081508,0.12743907,0.1538752,0.3278706
s08_0train_r1_t13,8,0train,1,13,1,23911,False,Q12-E002,CHANNEL_DROPOUT,loso_s8,20260926,21,mean_rank,1,4,0.27264833,0.070525505,0.2955315,0.3612947
s08_0train_r1_t14,8,0train,1,14,4,25855,False,Q12-E002,CHANNEL_DROPOUT,loso_s8,20260926,21,mean_rank,4,4,0.0048757414,0.15989415,0.24123836,0.59399176
s08_0train_r1_t15,8,0train,1,15,2,27822,False,Q12-E002,CHANNEL_DROPOUT,loso_s8,20260926,21,mean_rank,2,2,0.06569509,0.4096697,0.27362758,0.25100768
s08_0train_r1_t16,8,0train,1,16,2,29942,False,Q12-E002,CHANNEL_DROPOUT,loso_s8,20260926,21,mean_rank,2,2,0.002134983,0.67583007,0.093203805,0.2288312
s08_0train_r1_t17,8,0train,1,17,1,31950,True,Q12-E002,CHANNEL_DROPOUT,loso_s8,20260926,21,mean_rank,1,3,0.19259393,0.22380343,0.32605115,0.2575515
s08_0train_r1_t18,8,0train,1,18,1,34016,False,Q12-E002,CHANNEL_DROPOUT,loso_s8,20260926,21,mean_rank,1,1,0.4897067,0.064509675,0.16661015,0.2791735
s08_0train_r1_t19,8,0train,1,19,3,36052,False,Q12-E002,CHANNEL_DROPOUT,loso_s8,20260926,21,mean_rank,3,2,0.1756461,0.3810436,0.12337096,0.31993932
s08_0train_r1_t20,8,0train,1,20,1,38118,False,Q12-E002,CHANNEL_DROPOUT,loso_s8,20260926,21,mean_rank,1,4,0.007647864,0.23868175,0.25154772,0.50212276
s08_0train_r1_t21,8,0train,1,21,2,40188,False,Q12-E002,CHANNEL_DROPOUT,loso_s8,20260926,21,mean_rank,2,4,0.015685227,0.32140592,0.28837845,0.37453038
s08_0train_r1_t22,8,0train,1,22,4,42268,False,Q12-E002,CHANNEL_DROPOUT,loso_s8,20260926,21,mean_rank,4,4,0.0037558016,0.13372388,0.36489147,0.49762884
s08_0train_r1_t23,8,0train,1,23,4,44180,False,Q12-E002,CHANNEL_DROPOUT,loso_s8,20260926,21,mean_rank,4,4,0.079854734,0.039293572,0.19462931,0.6862224
s08_0train_r1_t24,8,0train,1,24,3,46211,False,Q12-E002,CHANNEL_DROPOUT,loso_s8,20260926,21,mean_rank,3,4,0.05698065,0.15866947,0.28123719,0.50311273
s08_0train_r1_t25,8,0train,1,25,1,48164,False,Q12-E002,CHANNEL_DROPOUT,loso_s8,20260926,21,mean_rank,1,4,0.33144143,0.05972959,0.25465322,0.35417572
s08_0train_r1_t26,8,0train,1,26,4,50125,False,Q12-E002,CHANNEL_DROPOUT,loso_s8,20260926,21,mean_rank,4,4,0.2133822,0.01979018,0.1478705,0.6189572
s08_0train_r1_t27,8,0train,1,27,4,52229,False,Q12-E002,CHANNEL_DROPOUT,loso_s8,20260926,21,mean_rank,4,4,0.019724533,0.07004709,0.24222438,0.668004
s08_0train_r1_t28,8,0train,1,28,2,54233,False,Q12-E002,CHANNEL_DROPOUT,loso_s8,20260926,21,mean_rank,2,2,0.048270553,0.40804875,0.29474378,0.24893695
s08_0train_r1_t29,8,0train,1,29,4,56208,False,Q12-E002,CHANNEL_DROPOUT,loso_s8,20260926,21,mean_rank,4,4,0.010170213,0.19547294,0.30172575,0.49263105
s08_0train_r1_t30,8,0train,1,30,4,58234,False,Q12-E002,CHANNEL_DROPOUT,loso_s8,20260926,21,mean_rank,4,4,0.04728707,0.14395618,0.26148796,0.5472688
s08_0train_r1_t31,8,0train,1,31,2,60305,False,Q12-E002,CHANNEL_DROPOUT,loso_s8,20260926,21,mean_rank,2,2,0.037471987,0.5136147,0.1924935,0.25641978
s08_0train_r1_t32,8,0train,1,32,1,62412,False,Q12-E002,CHANNEL_DROPOUT,loso_s8,20260926,21,mean_rank,1,1,0.4451314,0.09364351,0.19035785,0.27086723
s08_0train_r1_t33,8,0train,1,33,2,64504,False,Q12-E002,CHANNEL_DROPOUT,loso_s8,20260926,21,mean_rank,2,2,0.024194047,0.47949353,0.30947086,0.18684158
s08_0train_r1_t34,8,0train,1,34,3,66595,True,Q12-E002,CHANNEL_DROPOUT,loso_s8,20260926,21,mean_rank,3,4,0.03830653,0.08503995,0.27011877,0.6065348
s08_0train_r1_t35,8,0train,1,35,3,68638,False,Q12-E002,CHANNEL_DROPOUT,loso_s8,20260926,21,mean_rank,3,3,0.04479091,0.16967766,0.6430117,0.14251971
s08_0train_r1_t36,8,0train,1,36,3,70702,False,Q12-E002,CHANNEL_DROPOUT,loso_s8,20260926,21,mean_rank,3,3,0.30606633,0.124573566,0.31206644,0.25729364
s08_0train_r1_t37,8,0train,1,37,4,72722,False,Q12-E002,CHANNEL_DROPOUT,loso_s8,20260926,21,mean_rank,4,3,0.017450374,0.15637878,0.521568,0.3046028
s08_0train_r1_t38,8,0train,1,38,3,74694,False,Q12-E002,CHANNEL_DROPOUT,loso_s8,20260926,21,mean_rank,3,3,0.10577815,0.16543534,0.47461954,0.25416696
s08_0train_r1_t39,8,0train,1,39,1,76657,False,Q12-E002,CHANNEL_DROPOUT,loso_s8,20260926,21,mean_rank,1,1,0.44875717,0.0742101,0.36330244,0.113730356
s08_0train_r1_t40,8,0train,1,40,4,78582,False,Q12-E002,CHANNEL_DROPOUT,loso_s8,20260926,21,mean_rank,4,4,0.009431952,0.019810306,0.22534588,0.7454119
s08_0train_r1_t41,8,0train,1,41,2,80663,False,Q12-E002,CHANNEL_DROPOUT,loso_s8,20260926,21,mean_rank,2,2,0.06284069,0.5937092,0.19471392,0.14873621
s08_0train_r1_t42,8,0train,1,42,3,82641,False,Q12-E002,CHANNEL_DROPOUT,loso_s8,20260926,21,mean_rank,3,3,0.04179739,0.0942439,0.76851654,0.09544219
s08_0train_r1_t43,8,0train,1,43,2,84631,False,Q12-E002,CHANNEL_DROPOUT,loso_s8,20260926,21,mean_rank,2,2,0.010408569,0.571777,0.35691646,0.060897958
s08_0train_r1_t44,8,0train,1,44,3,86750,False,Q12-E002,CHANNEL_DROPOUT,loso_s8,20260926,21,mean_rank,3,3,0.25537688,0.0395998,0.37104002,0.3339832
s08_0train_r1_t45,8,0train,1,45,4,88656,False,Q12-E002,CHANNEL_DROPOUT,loso_s8,20260926,21,mean_rank,4,3,0.020466162,0.03295686,0.6573522,0.28922474
s08_0train_r1_t46,8,0train,1,46,2,90584,False,Q12-E002,CHANNEL_DROPOUT,loso_s8,20260926,21,mean_rank,2,2,0.052116804,0.37517673,0.20982447,0.36288196
s08_0train_r1_t47,8,0train,1,47,3,92698,False,Q12-E002,CHANNEL_DROPOUT,loso_s8,20260926,21,mean_rank,3,3,0.04033696,0.29133412,0.43614382,0.23218511
s08_0train_r1_t48,8,0train,1,48,1,94757,False,Q12-E002,CHANNEL_DROPOUT,loso_s8,20260926,21,mean_rank,1,1,0.57639146,0.05038081,0.20409302,0.16913466
s08_0train_r2_t01,8,0train,2,1,1,250,False,Q12-E002,CHANNEL_DROPOUT,loso_s8,20260926,21,mean_rank,1,2,0.28321773,0.35361084,0.18416269,0.1790088
s08_0train_r2_t02,8,0train,2,2,1,2253,False,Q12-E002,CHANNEL_DROPOUT,loso_s8,20260926,21,mean_rank,1,4,0.2983237,0.025995675,0.2579324,0.4177483
s08_0train_r2_t03,8,0train,2,3,4,4171,False,Q12-E002,CHANNEL_DROPOUT,loso_s8,20260926,21,mean_rank,4,3,0.0065342025,0.032646205,0.77177936,0.1890403
s08_0train_r2_t04,8,0train,2,4,2,6123,False,Q12-E002,CHANNEL_DROPOUT,loso_s8,20260926,21,mean_rank,2,2,0.10850177,0.4227811,0.25345019,0.21526693
s08_0train_r2_t05,8,0train,2,5,1,8131,False,Q12-E002,CHANNEL_DROPOUT,loso_s8,20260926,21,mean_rank,1,4,0.36976418,0.047188837,0.20369874,0.3793483
s08_0train_r2_t06,8,0train,2,6,3,10242,False,Q12-E002,CHANNEL_DROPOUT,loso_s8,20260926,21,mean_rank,3,3,0.14457731,0.03287317,0.5298531,0.29269636
s08_0train_r2_t07,8,0train,2,7,1,12159,False,Q12-E002,CHANNEL_DROPOUT,loso_s8,20260926,21,mean_rank,1,1,0.7056525,0.04363363,0.14451419,0.10619975
s08_0train_r2_t08,8,0train,2,8,3,14209,True,Q12-E002,CHANNEL_DROPOUT,loso_s8,20260926,21,mean_rank,3,4,0.02023405,0.17529978,0.35806835,0.44639784
s08_0train_r2_t09,8,0train,2,9,2,16140,False,Q12-E002,CHANNEL_DROPOUT,loso_s8,20260926,21,mean_rank,2,2,0.17557035,0.37718523,0.24572584,0.20151858
s08_0train_r2_t10,8,0train,2,10,4,18138,False,Q12-E002,CHANNEL_DROPOUT,loso_s8,20260926,21,mean_rank,4,4,0.0052461904,0.055912524,0.36298767,0.57585365
s08_0train_r2_t11,8,0train,2,11,1,20044,False,Q12-E002,CHANNEL_DROPOUT,loso_s8,20260926,21,mean_rank,1,4,0.079158485,0.23431137,0.20840053,0.47812966
s08_0train_r2_t12,8,0train,2,12,3,21939,False,Q12-E002,CHANNEL_DROPOUT,loso_s8,20260926,21,mean_rank,3,3,0.060536005,0.20887338,0.47519663,0.255394
s08_0train_r2_t13,8,0train,2,13,3,23911,False,Q12-E002,CHANNEL_DROPOUT,loso_s8,20260926,21,mean_rank,3,4,0.038680866,0.31627652,0.1492559,0.4957867
s08_0train_r2_t14,8,0train,2,14,1,25855,False,Q12-E002,CHANNEL_DROPOUT,loso_s8,20260926,21,mean_rank,1,4,0.3011507,0.09554175,0.26996192,0.3333456
s08_0train_r2_t15,8,0train,2,15,3,27822,False,Q12-E002,CHANNEL_DROPOUT,loso_s8,20260926,21,mean_rank,3,2,0.023837244,0.49002543,0.31838524,0.167752
s08_0train_r2_t16,8,0train,2,16,2,29942,False,Q12-E002,CHANNEL_DROPOUT,loso_s8,20260926,21,mean_rank,2,2,0.020134438,0.5837005,0.19033904,0.20582607
s08_0train_r2_t17,8,0train,2,17,4,31950,False,Q12-E002,CHANNEL_DROPOUT,loso_s8,20260926,21,mean_rank,4,4,0.0035088253,0.074177414,0.30528,0.6170338
s08_0train_r2_t18,8,0train,2,18,4,34016,False,Q12-E002,CHANNEL_DROPOUT,loso_s8,20260926,21,mean_rank,4,4,0.015037897,0.06593358,0.17647853,0.7425499
s08_0train_r2_t19,8,0train,2,19,4,36052,False,Q12-E002,CHANNEL_DROPOUT,loso_s8,20260926,21,mean_rank,4,4,0.024531353,0.0554585,0.15494749,0.7650627
s08_0train_r2_t20,8,0train,2,20,3,38118,False,Q12-E002,CHANNEL_DROPOUT,loso_s8,20260926,21,mean_rank,3,4,0.059919972,0.20808531,0.35627595,0.3757188
s08_0train_r2_t21,8,0train,2,21,1,40188,False,Q12-E002,CHANNEL_DROPOUT,loso_s8,20260926,21,mean_rank,1,1,0.70665395,0.07169923,0.13815202,0.08349478
s08_0train_r2_t22,8,0train,2,22,4,42268,False,Q12-E002,CHANNEL_DROPOUT,loso_s8,20260926,21,mean_rank,4,4,0.029425995,0.012898932,0.09751737,0.8601577
s08_0train_r2_t23,8,0train,2,23,2,44180,True,Q12-E002,CHANNEL_DROPOUT,loso_s8,20260926,21,mean_rank,2,4,0.18410349,0.08843042,0.29931536,0.42815077
s08_0train_r2_t24,8,0train,2,24,4,46211,False,Q12-E002,CHANNEL_DROPOUT,loso_s8,20260926,21,mean_rank,4,4,0.017630907,0.028809821,0.3413259,0.6122334
s08_0train_r2_t25,8,0train,2,25,2,48164,False,Q12-E002,CHANNEL_DROPOUT,loso_s8,20260926,21,mean_rank,2,3,0.16949895,0.25314862,0.4615398,0.11581265
s08_0train_r2_t26,8,0train,2,26,1,50125,True,Q12-E002,CHANNEL_DROPOUT,loso_s8,20260926,21,mean_rank,1,3,0.211359,0.19039243,0.32568243,0.2725661
s08_0train_r2_t27,8,0train,2,27,3,52229,False,Q12-E002,CHANNEL_DROPOUT,loso_s8,20260926,21,mean_rank,3,3,0.14663456,0.24516879,0.46380812,0.14438853
s08_0train_r2_t28,8,0train,2,28,2,54233,False,Q12-E002,CHANNEL_DROPOUT,loso_s8,20260926,21,mean_rank,2,4,0.093856506,0.14239985,0.15107791,0.6126657
s08_0train_r2_t29,8,0train,2,29,1,56208,False,Q12-E002,CHANNEL_DROPOUT,loso_s8,20260926,21,mean_rank,1,3,0.15152779,0.10018787,0.4190674,0.329217
s08_0train_r2_t30,8,0train,2,30,3,58234,False,Q12-E002,CHANNEL_DROPOUT,loso_s8,20260926,21,mean_rank,3,2,0.12999378,0.36415818,0.2724334,0.23341468
s08_0train_r2_t31,8,0train,2,31,3,60305,False,Q12-E002,CHANNEL_DROPOUT,loso_s8,20260926,21,mean_rank,3,2,0.016276417,0.37590772,0.37030008,0.23751582
s08_0train_r2_t32,8,0train,2,32,1,62412,False,Q12-E002,CHANNEL_DROPOUT,loso_s8,20260926,21,mean_rank,1,1,0.3540113,0.10718119,0.28111956,0.25768796
s08_0train_r2_t33,8,0train,2,33,3,64504,False,Q12-E002,CHANNEL_DROPOUT,loso_s8,20260926,21,mean_rank,3,3,0.06521696,0.16899532,0.49724296,0.26854476
s08_0train_r2_t34,8,0train,2,34,4,66595,False,Q12-E002,CHANNEL_DROPOUT,loso_s8,20260926,21,mean_rank,4,3,0.075473376,0.23001228,0.56125146,0.13326286
s08_0train_r2_t35,8,0train,2,35,4,68638,False,Q12-E002,CHANNEL_DROPOUT,loso_s8,20260926,21,mean_rank,4,3,0.13066468,0.036620248,0.42932278,0.40339231
s08_0train_r2_t36,8,0train,2,36,2,70702,False,Q12-E002,CHANNEL_DROPOUT,loso_s8,20260926,21,mean_rank,2,3,0.023177337,0.2251111,0.37625378,0.3754578
s08_0train_r2_t37,8,0train,2,37,1,72722,True,Q12-E002,CHANNEL_DROPOUT,loso_s8,20260926,21,mean_rank,1,1,0.48440763,0.22244923,0.13906871,0.15407442
s08_0train_r2_t38,8,0train,2,38,2,74694,False,Q12-E002,CHANNEL_DROPOUT,loso_s8,20260926,21,mean_rank,2,2,0.042937677,0.5157955,0.14893048,0.29233631
s08_0train_r2_t39,8,0train,2,39,4,76657,False,Q12-E002,CHANNEL_DROPOUT,loso_s8,20260926,21,mean_rank,4,4,0.03730934,0.033610392,0.17690416,0.7521761
s08_0train_r2_t40,8,0train,2,40,2,78582,False,Q12-E002,CHANNEL_DROPOUT,loso_s8,20260926,21,mean_rank,2,4,0.06732816,0.19956514,0.24085936,0.49224725
s08_0train_r2_t41,8,0train,2,41,4,80663,False,Q12-E002,CHANNEL_DROPOUT,loso_s8,20260926,21,mean_rank,4,4,0.025882311,0.041497454,0.31800348,0.61461675
s08_0train_r2_t42,8,0train,2,42,3,82641,False,Q12-E002,CHANNEL_DROPOUT,loso_s8,20260926,21,mean_rank,3,3,0.11618729,0.14350376,0.5019858,0.23832317
s08_0train_r2_t43,8,0train,2,43,2,84631,False,Q12-E002,CHANNEL_DROPOUT,loso_s8,20260926,21,mean_rank,2,4,0.064377986,0.2903187,0.30918765,0.33611572
s08_0train_r2_t44,8,0train,2,44,2,86750,False,Q12-E002,CHANNEL_DROPOUT,loso_s8,20260926,21,mean_rank,2,4,0.013238758,0.22495367,0.16208424,0.59972334
s08_0train_r2_t45,8,0train,2,45,2,88656,False,Q12-E002,CHANNEL_DROPOUT,loso_s8,20260926,21,mean_rank,2,2,0.006065621,0.6597837,0.14502527,0.18912534
s08_0train_r2_t46,8,0train,2,46,3,90584,True,Q12-E002,CHANNEL_DROPOUT,loso_s8,20260926,21,mean_rank,3,3,0.14114124,0.12528992,0.38928702,0.34428188
s08_0train_r2_t47,8,0train,2,47,4,92698,False,Q12-E002,CHANNEL_DROPOUT,loso_s8,20260926,21,mean_rank,4,3,0.06356075,0.19642092,0.40118,0.33883828
s08_0train_r2_t48,8,0train,2,48,1,94757,False,Q12-E002,CHANNEL_DROPOUT,loso_s8,20260926,21,mean_rank,1,4,0.36068213,0.036971025,0.23793651,0.36441034
s08_0train_r3_t01,8,0train,3,1,2,250,False,Q12-E002,CHANNEL_DROPOUT,loso_s8,20260926,21,mean_rank,2,4,0.1779801,0.23786436,0.28247207,0.30168346
s08_0train_r3_t02,8,0train,3,2,4,2253,False,Q12-E002,CHANNEL_DROPOUT,loso_s8,20260926,21,mean_rank,4,4,0.020519812,0.03213903,0.32856956,0.61877155
s08_0train_r3_t03,8,0train,3,3,1,4171,False,Q12-E002,CHANNEL_DROPOUT,loso_s8,20260926,21,mean_rank,1,3,0.13360739,0.21867825,0.3288846,0.31882977
s08_0train_r3_t04,8,0train,3,4,3,6123,False,Q12-E002,CHANNEL_DROPOUT,loso_s8,20260926,21,mean_rank,3,3,0.053510673,0.17092976,0.5134191,0.26214045
s08_0train_r3_t05,8,0train,3,5,3,8131,False,Q12-E002,CHANNEL_DROPOUT,loso_s8,20260926,21,mean_rank,3,3,0.010197892,0.23919421,0.48193684,0.268671
s08_0train_r3_t06,8,0train,3,6,4,10242,False,Q12-E002,CHANNEL_DROPOUT,loso_s8,20260926,21,mean_rank,4,4,0.08189299,0.26501647,0.3181646,0.33492592
s08_0train_r3_t07,8,0train,3,7,1,12159,False,Q12-E002,CHANNEL_DROPOUT,loso_s8,20260926,21,mean_rank,1,4,0.3081426,0.049754728,0.25824207,0.38386053
s08_0train_r3_t08,8,0train,3,8,1,14209,False,Q12-E002,CHANNEL_DROPOUT,loso_s8,20260926,21,mean_rank,1,4,0.28220832,0.15718634,0.2526776,0.30792773
s08_0train_r3_t09,8,0train,3,9,3,16140,False,Q12-E002,CHANNEL_DROPOUT,loso_s8,20260926,21,mean_rank,3,3,0.08820374,0.2522379,0.43699005,0.2225683
s08_0train_r3_t10,8,0train,3,10,2,18138,False,Q12-E002,CHANNEL_DROPOUT,loso_s8,20260926,21,mean_rank,2,2,0.025460439,0.44464168,0.3452598,0.18463805
s08_0train_r3_t11,8,0train,3,11,4,20044,False,Q12-E002,CHANNEL_DROPOUT,loso_s8,20260926,21,mean_rank,4,4,0.02819842,0.08965711,0.16231552,0.719829
s08_0train_r3_t12,8,0train,3,12,4,21939,False,Q12-E002,CHANNEL_DROPOUT,loso_s8,20260926,21,mean_rank,4,2,0.044184774,0.3943618,0.2953817,0.26607174
s08_0train_r3_t13,8,0train,3,13,4,23911,False,Q12-E002,CHANNEL_DROPOUT,loso_s8,20260926,21,mean_rank,4,4,0.009119778,0.27195993,0.071911335,0.64700896
s08_0train_r3_t14,8,0train,3,14,2,25855,False,Q12-E002,CHANNEL_DROPOUT,loso_s8,20260926,21,mean_rank,2,2,0.012768044,0.6677968,0.21164577,0.10778936
s08_0train_r3_t15,8,0train,3,15,1,27822,False,Q12-E002,CHANNEL_DROPOUT,loso_s8,20260926,21,mean_rank,1,1,0.4340224,0.062066693,0.31224895,0.19166198
s08_0train_r3_t16,8,0train,3,16,3,29942,False,Q12-E002,CHANNEL_DROPOUT,loso_s8,20260926,21,mean_rank,3,4,0.19042754,0.07190622,0.2872724,0.4503938
s08_0train_r3_t17,8,0train,3,17,2,31950,True,Q12-E002,CHANNEL_DROPOUT,loso_s8,20260926,21,mean_rank,2,4,0.018274525,0.19556136,0.13256378,0.6536004
s08_0train_r3_t18,8,0train,3,18,4,34016,False,Q12-E002,CHANNEL_DROPOUT,loso_s8,20260926,21,mean_rank,4,3,0.0940331,0.05966233,0.5602954,0.28600922
s08_0train_r3_t19,8,0train,3,19,1,36052,False,Q12-E002,CHANNEL_DROPOUT,loso_s8,20260926,21,mean_rank,1,4,0.36023492,0.09553933,0.12724298,0.4169828
s08_0train_r3_t20,8,0train,3,20,4,38118,False,Q12-E002,CHANNEL_DROPOUT,loso_s8,20260926,21,mean_rank,4,4,0.009856299,0.07448276,0.1393895,0.7762714
s08_0train_r3_t21,8,0train,3,21,3,40188,True,Q12-E002,CHANNEL_DROPOUT,loso_s8,20260926,21,mean_rank,3,2,0.104750894,0.440488,0.1800021,0.27475902
s08_0train_r3_t22,8,0train,3,22,2,42268,False,Q12-E002,CHANNEL_DROPOUT,loso_s8,20260926,21,mean_rank,2,2,0.014300157,0.5074192,0.26570654,0.21257405
s08_0train_r3_t23,8,0train,3,23,4,44180,False,Q12-E002,CHANNEL_DROPOUT,loso_s8,20260926,21,mean_rank,4,3,0.10645852,0.29620847,0.3047978,0.29253522
s08_0train_r3_t24,8,0train,3,24,4,46211,True,Q12-E002,CHANNEL_DROPOUT,loso_s8,20260926,21,mean_rank,4,4,0.0032873258,0.119334236,0.33059233,0.54678607
s08_0train_r3_t25,8,0train,3,25,1,48164,False,Q12-E002,CHANNEL_DROPOUT,loso_s8,20260926,21,mean_rank,1,1,0.6675605,0.0353618,0.1357019,0.16137578
s08_0train_r3_t26,8,0train,3,26,2,50125,False,Q12-E002,CHANNEL_DROPOUT,loso_s8,20260926,21,mean_rank,2,3,0.075554356,0.12222539,0.43398827,0.36823198
s08_0train_r3_t27,8,0train,3,27,2,52229,False,Q12-E002,CHANNEL_DROPOUT,loso_s8,20260926,21,mean_rank,2,3,0.01887831,0.12809992,0.4768455,0.37617627
s08_0train_r3_t28,8,0train,3,28,3,54233,False,Q12-E002,CHANNEL_DROPOUT,loso_s8,20260926,21,mean_rank,3,4,0.16317312,0.23972352,0.25297993,0.34412342
s08_0train_r3_t29,8,0train,3,29,4,56208,False,Q12-E002,CHANNEL_DROPOUT,loso_s8,20260926,21,mean_rank,4,4,0.045018584,0.13119608,0.049171135,0.7746142
s08_0train_r3_t30,8,0train,3,30,2,58234,False,Q12-E002,CHANNEL_DROPOUT,loso_s8,20260926,21,mean_rank,2,2,0.031853683,0.35675454,0.28927654,0.32211518
s08_0train_r3_t31,8,0train,3,31,1,60305,False,Q12-E002,CHANNEL_DROPOUT,loso_s8,20260926,21,mean_rank,1,1,0.37639648,0.13547404,0.14273979,0.3453897
s08_0train_r3_t32,8,0train,3,32,1,62412,False,Q12-E002,CHANNEL_DROPOUT,loso_s8,20260926,21,mean_rank,1,3,0.19259064,0.08321271,0.46774203,0.25645462
s08_0train_r3_t33,8,0train,3,33,4,64504,False,Q12-E002,CHANNEL_DROPOUT,loso_s8,20260926,21,mean_rank,4,4,0.0050848774,0.12005395,0.02938074,0.8454804
s08_0train_r3_t34,8,0train,3,34,2,66595,False,Q12-E002,CHANNEL_DROPOUT,loso_s8,20260926,21,mean_rank,2,3,0.027442992,0.29592785,0.4777942,0.19883497
s08_0train_r3_t35,8,0train,3,35,1,68638,False,Q12-E002,CHANNEL_DROPOUT,loso_s8,20260926,21,mean_rank,1,4,0.32308093,0.053029012,0.20073602,0.4231541
s08_0train_r3_t36,8,0train,3,36,3,70702,True,Q12-E002,CHANNEL_DROPOUT,loso_s8,20260926,21,mean_rank,3,4,0.019969562,0.09191904,0.34430325,0.54380816
s08_0train_r3_t37,8,0train,3,37,2,72722,False,Q12-E002,CHANNEL_DROPOUT,loso_s8,20260926,21,mean_rank,2,3,0.031509917,0.26314515,0.39343485,0.31191003
s08_0train_r3_t38,8,0train,3,38,2,74694,False,Q12-E002,CHANNEL_DROPOUT,loso_s8,20260926,21,mean_rank,2,4,0.3268198,0.1983617,0.11615754,0.358661
s08_0train_r3_t39,8,0train,3,39,3,76657,False,Q12-E002,CHANNEL_DROPOUT,loso_s8,20260926,21,mean_rank,3,4,0.037506092,0.20607543,0.3100257,0.44639274
s08_0train_r3_t40,8,0train,3,40,1,78582,False,Q12-E002,CHANNEL_DROPOUT,loso_s8,20260926,21,mean_rank,1,3,0.16772056,0.122831374,0.4285349,0.28091314
s08_0train_r3_t41,8,0train,3,41,4,80663,False,Q12-E002,CHANNEL_DROPOUT,loso_s8,20260926,21,mean_rank,4,4,0.023094421,0.3727413,0.15617494,0.4479893
s08_0train_r3_t42,8,0train,3,42,3,82641,False,Q12-E002,CHANNEL_DROPOUT,loso_s8,20260926,21,mean_rank,3,3,0.12014313,0.30582508,0.38427952,0.18975224
s08_0train_r3_t43,8,0train,3,43,3,84631,False,Q12-E002,CHANNEL_DROPOUT,loso_s8,20260926,21,mean_rank,3,2,0.025273753,0.5414383,0.1322814,0.30100664
s08_0train_r3_t44,8,0train,3,44,3,86750,False,Q12-E002,CHANNEL_DROPOUT,loso_s8,20260926,21,mean_rank,3,4,0.041693162,0.15526845,0.37726218,0.4257762
s08_0train_r3_t45,8,0train,3,45,3,88656,False,Q12-E002,CHANNEL_DROPOUT,loso_s8,20260926,21,mean_rank,3,4,0.0479377,0.03811052,0.17933998,0.7346118
s08_0train_r3_t46,8,0train,3,46,1,90584,False,Q12-E002,CHANNEL_DROPOUT,loso_s8,20260926,21,mean_rank,1,3,0.27433836,0.12116872,0.47343168,0.13106123
s08_0train_r3_t47,8,0train,3,47,2,92698,False,Q12-E002,CHANNEL_DROPOUT,loso_s8,20260926,21,mean_rank,2,2,0.22685409,0.36762735,0.26440153,0.14111702
s08_0train_r3_t48,8,0train,3,48,1,94757,True,Q12-E002,CHANNEL_DROPOUT,loso_s8,20260926,21,mean_rank,1,3,0.16787533,0.21142872,0.3340657,0.28663024
s08_0train_r4_t01,8,0train,4,1,2,250,False,Q12-E002,CHANNEL_DROPOUT,loso_s8,20260926,21,mean_rank,2,2,0.077918634,0.35542685,0.24597396,0.32068053
s08_0train_r4_t02,8,0train,4,2,1,2253,False,Q12-E002,CHANNEL_DROPOUT,loso_s8,20260926,21,mean_rank,1,1,0.3451247,0.075177,0.33446944,0.24522881
s08_0train_r4_t03,8,0train,4,3,1,4171,False,Q12-E002,CHANNEL_DROPOUT,loso_s8,20260926,21,mean_rank,1,4,0.122312546,0.06159545,0.39047801,0.42561397
s08_0train_r4_t04,8,0train,4,4,3,6123,False,Q12-E002,CHANNEL_DROPOUT,loso_s8,20260926,21,mean_rank,3,3,0.007996499,0.23687594,0.60712355,0.14800403
s08_0train_r4_t05,8,0train,4,5,3,8131,False,Q12-E002,CHANNEL_DROPOUT,loso_s8,20260926,21,mean_rank,3,2,0.020967932,0.4744039,0.1914166,0.31321156
s08_0train_r4_t06,8,0train,4,6,2,10242,False,Q12-E002,CHANNEL_DROPOUT,loso_s8,20260926,21,mean_rank,2,3,0.021278739,0.1889207,0.53567255,0.25412804
s08_0train_r4_t07,8,0train,4,7,3,12159,False,Q12-E002,CHANNEL_DROPOUT,loso_s8,20260926,21,mean_rank,3,1,0.39033696,0.05486447,0.195152,0.35964653
s08_0train_r4_t08,8,0train,4,8,4,14209,False,Q12-E002,CHANNEL_DROPOUT,loso_s8,20260926,21,mean_rank,4,2,0.0008462213,0.67901874,0.11716441,0.2029707
s08_0train_r4_t09,8,0train,4,9,1,16140,False,Q12-E002,CHANNEL_DROPOUT,loso_s8,20260926,21,mean_rank,1,1,0.5145971,0.13908109,0.25533667,0.09098508
s08_0train_r4_t10,8,0train,4,10,4,18138,False,Q12-E002,CHANNEL_DROPOUT,loso_s8,20260926,21,mean_rank,4,4,0.008849109,0.06809155,0.16000482,0.7630545
s08_0train_r4_t11,8,0train,4,11,1,20044,False,Q12-E002,CHANNEL_DROPOUT,loso_s8,20260926,21,mean_rank,1,4,0.2169204,0.18359153,0.26057735,0.3389107
s08_0train_r4_t12,8,0train,4,12,1,21939,False,Q12-E002,CHANNEL_DROPOUT,loso_s8,20260926,21,mean_rank,1,1,0.544246,0.038249623,0.25063556,0.16686884
s08_0train_r4_t13,8,0train,4,13,2,23911,False,Q12-E002,CHANNEL_DROPOUT,loso_s8,20260926,21,mean_rank,2,3,0.06899164,0.32076636,0.39632085,0.21392119
s08_0train_r4_t14,8,0train,4,14,4,25855,False,Q12-E002,CHANNEL_DROPOUT,loso_s8,20260926,21,mean_rank,4,4,0.011132124,0.05525304,0.04409492,0.88951993
s08_0train_r4_t15,8,0train,4,15,3,27822,True,Q12-E002,CHANNEL_DROPOUT,loso_s8,20260926,21,mean_rank,3,3,0.065786816,0.14325824,0.47996724,0.3109878
s08_0train_r4_t16,8,0train,4,16,2,29942,False,Q12-E002,CHANNEL_DROPOUT,loso_s8,20260926,21,mean_rank,2,2,0.12258213,0.3602475,0.21396285,0.30320752
s08_0train_r4_t17,8,0train,4,17,4,31950,False,Q12-E002,CHANNEL_DROPOUT,loso_s8,20260926,21,mean_rank,4,3,0.12522967,0.038149524,0.5058364,0.33078438
s08_0train_r4_t18,8,0train,4,18,3,34016,False,Q12-E002,CHANNEL_DROPOUT,loso_s8,20260926,21,mean_rank,3,3,0.027186753,0.17725731,0.54084873,0.25470716
s08_0train_r4_t19,8,0train,4,19,4,36052,False,Q12-E002,CHANNEL_DROPOUT,loso_s8,20260926,21,mean_rank,4,4,0.0089057,0.12506285,0.15242927,0.7136021
s08_0train_r4_t20,8,0train,4,20,3,38118,False,Q12-E002,CHANNEL_DROPOUT,loso_s8,20260926,21,mean_rank,3,3,0.11525448,0.2361348,0.3942044,0.25440627
s08_0train_r4_t21,8,0train,4,21,4,40188,True,Q12-E002,CHANNEL_DROPOUT,loso_s8,20260926,21,mean_rank,4,4,0.02795548,0.0656835,0.073279485,0.8330815
s08_0train_r4_t22,8,0train,4,22,2,42268,False,Q12-E002,CHANNEL_DROPOUT,loso_s8,20260926,21,mean_rank,2,2,0.02237043,0.37613752,0.2643505,0.33714154
s08_0train_r4_t23,8,0train,4,23,2,44180,False,Q12-E002,CHANNEL_DROPOUT,loso_s8,20260926,21,mean_rank,2,4,0.113498345,0.23109488,0.284062,0.3713448
s08_0train_r4_t24,8,0train,4,24,4,46211,False,Q12-E002,CHANNEL_DROPOUT,loso_s8,20260926,21,mean_rank,4,4,0.03802494,0.09967675,0.13752647,0.72477186
s08_0train_r4_t25,8,0train,4,25,1,48164,False,Q12-E002,CHANNEL_DROPOUT,loso_s8,20260926,21,mean_rank,1,3,0.24765795,0.21846873,0.3708596,0.16301376
s08_0train_r4_t26,8,0train,4,26,2,50125,False,Q12-E002,CHANNEL_DROPOUT,loso_s8,20260926,21,mean_rank,2,2,0.0055231918,0.37774846,0.32410797,0.29262036
s08_0train_r4_t27,8,0train,4,27,2,52229,False,Q12-E002,CHANNEL_DROPOUT,loso_s8,20260926,21,mean_rank,2,3,0.036748063,0.26167148,0.38979867,0.31178176
s08_0train_r4_t28,8,0train,4,28,2,54233,False,Q12-E002,CHANNEL_DROPOUT,loso_s8,20260926,21,mean_rank,2,2,0.027736157,0.5183754,0.27875844,0.17512995
s08_0train_r4_t29,8,0train,4,29,3,56208,False,Q12-E002,CHANNEL_DROPOUT,loso_s8,20260926,21,mean_rank,3,2,0.025866017,0.43336436,0.26642144,0.2743481
s08_0train_r4_t30,8,0train,4,30,4,58234,False,Q12-E002,CHANNEL_DROPOUT,loso_s8,20260926,21,mean_rank,4,4,0.037340015,0.3699567,0.06600664,0.5266966
s08_0train_r4_t31,8,0train,4,31,1,60305,False,Q12-E002,CHANNEL_DROPOUT,loso_s8,20260926,21,mean_rank,1,4,0.14523825,0.117940284,0.29482377,0.4419977
s08_0train_r4_t32,8,0train,4,32,4,62412,False,Q12-E002,CHANNEL_DROPOUT,loso_s8,20260926,21,mean_rank,4,4,0.0423308,0.04638969,0.4211393,0.49014023
s08_0train_r4_t33,8,0train,4,33,1,64504,True,Q12-E002,CHANNEL_DROPOUT,loso_s8,20260926,21,mean_rank,1,4,0.16317017,0.24361286,0.18866663,0.4045504
s08_0train_r4_t34,8,0train,4,34,3,66595,False,Q12-E002,CHANNEL_DROPOUT,loso_s8,20260926,21,mean_rank,3,4,0.16871218,0.25608835,0.23630413,0.33889532
s08_0train_r4_t35,8,0train,4,35,1,68638,False,Q12-E002,CHANNEL_DROPOUT,loso_s8,20260926,21,mean_rank,1,4,0.23839161,0.12694332,0.30530083,0.3293643
s08_0train_r4_t36,8,0train,4,36,4,70702,False,Q12-E002,CHANNEL_DROPOUT,loso_s8,20260926,21,mean_rank,4,3,0.16652305,0.031623103,0.40814635,0.39370748
s08_0train_r4_t37,8,0train,4,37,1,72722,False,Q12-E002,CHANNEL_DROPOUT,loso_s8,20260926,21,mean_rank,1,1,0.41390735,0.10564357,0.36149305,0.118956015
s08_0train_r4_t38,8,0train,4,38,3,74694,False,Q12-E002,CHANNEL_DROPOUT,loso_s8,20260926,21,mean_rank,3,4,0.08623,0.19511276,0.31181294,0.40684432
s08_0train_r4_t39,8,0train,4,39,1,76657,False,Q12-E002,CHANNEL_DROPOUT,loso_s8,20260926,21,mean_rank,1,2,0.26510778,0.41910318,0.03535553,0.28043357
s08_0train_r4_t40,8,0train,4,40,2,78582,False,Q12-E002,CHANNEL_DROPOUT,loso_s8,20260926,21,mean_rank,2,4,0.031128632,0.16250299,0.37502483,0.4313435
s08_0train_r4_t41,8,0train,4,41,3,80663,False,Q12-E002,CHANNEL_DROPOUT,loso_s8,20260926,21,mean_rank,3,2,0.21113911,0.30793232,0.27374065,0.2071879
s08_0train_r4_t42,8,0train,4,42,3,82641,False,Q12-E002,CHANNEL_DROPOUT,loso_s8,20260926,21,mean_rank,3,4,0.0031225411,0.15343761,0.38699603,0.4564438
s08_0train_r4_t43,8,0train,4,43,4,84631,False,Q12-E002,CHANNEL_DROPOUT,loso_s8,20260926,21,mean_rank,4,3,0.03796543,0.20047651,0.54592776,0.2156303
s08_0train_r4_t44,8,0train,4,44,1,86750,False,Q12-E002,CHANNEL_DROPOUT,loso_s8,20260926,21,mean_rank,1,3,0.33608052,0.08075151,0.42053244,0.16263558
s08_0train_r4_t45,8,0train,4,45,2,88656,False,Q12-E002,CHANNEL_DROPOUT,loso_s8,20260926,21,mean_rank,2,3,0.0666651,0.34899387,0.3924216,0.19191945
s08_0train_r4_t46,8,0train,4,46,4,90584,False,Q12-E002,CHANNEL_DROPOUT,loso_s8,20260926,21,mean_rank,4,4,0.005869086,0.17582756,0.15715687,0.66114646
s08_0train_r4_t47,8,0train,4,47,2,92698,False,Q12-E002,CHANNEL_DROPOUT,loso_s8,20260926,21,mean_rank,2,3,0.07419342,0.1920329,0.38669127,0.34708244
s08_0train_r4_t48,8,0train,4,48,3,94757,False,Q12-E002,CHANNEL_DROPOUT,loso_s8,20260926,21,mean_rank,3,2,0.13779125,0.47463813,0.2721174,0.11545331
s08_0train_r5_t01,8,0train,5,1,3,250,False,Q12-E002,CHANNEL_DROPOUT,loso_s8,20260926,21,mean_rank,3,4,0.06336924,0.118235454,0.37823752,0.44015777
s08_0train_r5_t02,8,0train,5,2,1,2253,False,Q12-E002,CHANNEL_DROPOUT,loso_s8,20260926,21,mean_rank,1,3,0.19530505,0.11282078,0.38189626,0.309978
s08_0train_r5_t03,8,0train,5,3,4,4171,False,Q12-E002,CHANNEL_DROPOUT,loso_s8,20260926,21,mean_rank,4,4,0.05402668,0.025356967,0.1836047,0.7370117
s08_0train_r5_t04,8,0train,5,4,2,6123,False,Q12-E002,CHANNEL_DROPOUT,loso_s8,20260926,21,mean_rank,2,2,0.045445602,0.4178189,0.3189069,0.21782853
s08_0train_r5_t05,8,0train,5,5,4,8131,False,Q12-E002,CHANNEL_DROPOUT,loso_s8,20260926,21,mean_rank,4,4,0.016549362,0.19660784,0.24653102,0.5403118
s08_0train_r5_t06,8,0train,5,6,1,10242,False,Q12-E002,CHANNEL_DROPOUT,loso_s8,20260926,21,mean_rank,1,2,0.25750768,0.2705019,0.2293535,0.24263695
s08_0train_r5_t07,8,0train,5,7,1,12159,False,Q12-E002,CHANNEL_DROPOUT,loso_s8,20260926,21,mean_rank,1,3,0.019119501,0.11366522,0.47801396,0.38920137
s08_0train_r5_t08,8,0train,5,8,3,14209,False,Q12-E002,CHANNEL_DROPOUT,loso_s8,20260926,21,mean_rank,3,4,0.016022028,0.17139158,0.22631,0.5862764
s08_0train_r5_t09,8,0train,5,9,3,16140,False,Q12-E002,CHANNEL_DROPOUT,loso_s8,20260926,21,mean_rank,3,2,0.008575425,0.44536948,0.35856462,0.1874905
s08_0train_r5_t10,8,0train,5,10,2,18138,True,Q12-E002,CHANNEL_DROPOUT,loso_s8,20260926,21,mean_rank,2,3,0.028369386,0.31105548,0.439596,0.22097915
s08_0train_r5_t11,8,0train,5,11,4,20044,False,Q12-E002,CHANNEL_DROPOUT,loso_s8,20260926,21,mean_rank,4,4,0.006400162,0.35016495,0.27776524,0.36566958
s08_0train_r5_t12,8,0train,5,12,2,21939,False,Q12-E002,CHANNEL_DROPOUT,loso_s8,20260926,21,mean_rank,2,3,0.16798735,0.3095939,0.36916575,0.15325299
s08_0train_r5_t13,8,0train,5,13,2,23911,False,Q12-E002,CHANNEL_DROPOUT,loso_s8,20260926,21,mean_rank,2,4,0.20688403,0.29838988,0.12547287,0.36925325
s08_0train_r5_t14,8,0train,5,14,1,25855,False,Q12-E002,CHANNEL_DROPOUT,loso_s8,20260926,21,mean_rank,1,1,0.70210385,0.04473608,0.12165963,0.13150045
s08_0train_r5_t15,8,0train,5,15,2,27822,False,Q12-E002,CHANNEL_DROPOUT,loso_s8,20260926,21,mean_rank,2,3,0.027989378,0.23550124,0.37599066,0.36051872
s08_0train_r5_t16,8,0train,5,16,4,29942,True,Q12-E002,CHANNEL_DROPOUT,loso_s8,20260926,21,mean_rank,4,4,0.0036995716,0.022284083,0.22507705,0.74893934
s08_0train_r5_t17,8,0train,5,17,4,31950,False,Q12-E002,CHANNEL_DROPOUT,loso_s8,20260926,21,mean_rank,4,3,0.02904909,0.20046914,0.38534105,0.38514075
s08_0train_r5_t18,8,0train,5,18,2,34016,False,Q12-E002,CHANNEL_DROPOUT,loso_s8,20260926,21,mean_rank,2,3,0.045210104,0.22879796,0.49340212,0.23258978
s08_0train_r5_t19,8,0train,5,19,2,36052,False,Q12-E002,CHANNEL_DROPOUT,loso_s8,20260926,21,mean_rank,2,3,0.0074247653,0.09224692,0.4976952,0.40263313
s08_0train_r5_t20,8,0train,5,20,2,38118,False,Q12-E002,CHANNEL_DROPOUT,loso_s8,20260926,21,mean_rank,2,2,0.20199136,0.43727827,0.18004358,0.18068679
s08_0train_r5_t21,8,0train,5,21,2,40188,False,Q12-E002,CHANNEL_DROPOUT,loso_s8,20260926,21,mean_rank,2,4,0.1381231,0.19207133,0.3109792,0.3588264
s08_0train_r5_t22,8,0train,5,22,4,42268,False,Q12-E002,CHANNEL_DROPOUT,loso_s8,20260926,21,mean_rank,4,4,0.0341001,0.16889732,0.23582964,0.5611729
s08_0train_r5_t23,8,0train,5,23,4,44180,False,Q12-E002,CHANNEL_DROPOUT,loso_s8,20260926,21,mean_rank,4,4,0.04353034,0.20153715,0.28535566,0.4695769
s08_0train_r5_t24,8,0train,5,24,3,46211,False,Q12-E002,CHANNEL_DROPOUT,loso_s8,20260926,21,mean_rank,3,3,0.0956597,0.24295856,0.44594485,0.21543686
s08_0train_r5_t25,8,0train,5,25,4,48164,False,Q12-E002,CHANNEL_DROPOUT,loso_s8,20260926,21,mean_rank,4,4,0.36928487,0.08178076,0.08486998,0.4640644
s08_0train_r5_t26,8,0train,5,26,1,50125,False,Q12-E002,CHANNEL_DROPOUT,loso_s8,20260926,21,mean_rank,1,1,0.54799366,0.04883165,0.16354194,0.23963276
s08_0train_r5_t27,8,0train,5,27,2,52229,False,Q12-E002,CHANNEL_DROPOUT,loso_s8,20260926,21,mean_rank,2,4,0.011291555,0.31763777,0.2829307,0.38814002
s08_0train_r5_t28,8,0train,5,28,3,54233,False,Q12-E002,CHANNEL_DROPOUT,loso_s8,20260926,21,mean_rank,3,3,0.097203515,0.1841152,0.5888005,0.12988083
s08_0train_r5_t29,8,0train,5,29,2,56208,False,Q12-E002,CHANNEL_DROPOUT,loso_s8,20260926,21,mean_rank,2,4,0.099735156,0.31300914,0.20185624,0.38539946
s08_0train_r5_t30,8,0train,5,30,1,58234,False,Q12-E002,CHANNEL_DROPOUT,loso_s8,20260926,21,mean_rank,1,4,0.25019944,0.17353706,0.1335742,0.4426893
s08_0train_r5_t31,8,0train,5,31,4,60305,False,Q12-E002,CHANNEL_DROPOUT,loso_s8,20260926,21,mean_rank,4,2,0.026748756,0.3988965,0.19208346,0.38227126
s08_0train_r5_t32,8,0train,5,32,1,62412,False,Q12-E002,CHANNEL_DROPOUT,loso_s8,20260926,21,mean_rank,1,1,0.37920892,0.18714406,0.25930837,0.17433868
s08_0train_r5_t33,8,0train,5,33,4,64504,False,Q12-E002,CHANNEL_DROPOUT,loso_s8,20260926,21,mean_rank,4,3,0.06501346,0.15859094,0.5879025,0.18849306
s08_0train_r5_t34,8,0train,5,34,1,66595,False,Q12-E002,CHANNEL_DROPOUT,loso_s8,20260926,21,mean_rank,1,4,0.10574018,0.11168437,0.30775446,0.47482097
s08_0train_r5_t35,8,0train,5,35,1,68638,False,Q12-E002,CHANNEL_DROPOUT,loso_s8,20260926,21,mean_rank,1,4,0.22074176,0.25108445,0.2371809,0.29099286
s08_0train_r5_t36,8,0train,5,36,1,70702,False,Q12-E002,CHANNEL_DROPOUT,loso_s8,20260926,21,mean_rank,1,4,0.04492399,0.072825566,0.33701366,0.5452368
s08_0train_r5_t37,8,0train,5,37,1,72722,False,Q12-E002,CHANNEL_DROPOUT,loso_s8,20260926,21,mean_rank,1,3,0.035736326,0.13990025,0.4406116,0.38375178
s08_0train_r5_t38,8,0train,5,38,3,74694,False,Q12-E002,CHANNEL_DROPOUT,loso_s8,20260926,21,mean_rank,3,3,0.092476934,0.13379626,0.6282384,0.1454885
s08_0train_r5_t39,8,0train,5,39,3,76657,False,Q12-E002,CHANNEL_DROPOUT,loso_s8,20260926,21,mean_rank,3,4,0.08776655,0.03206062,0.15471801,0.7254548
s08_0train_r5_t40,8,0train,5,40,4,78582,True,Q12-E002,CHANNEL_DROPOUT,loso_s8,20260926,21,mean_rank,4,3,0.067907184,0.14462283,0.39835498,0.38911498
s08_0train_r5_t41,8,0train,5,41,2,80663,False,Q12-E002,CHANNEL_DROPOUT,loso_s8,20260926,21,mean_rank,2,2,0.15046526,0.40394187,0.20461617,0.24097674
s08_0train_r5_t42,8,0train,5,42,3,82641,False,Q12-E002,CHANNEL_DROPOUT,loso_s8,20260926,21,mean_rank,3,4,0.0512311,0.03262709,0.43124276,0.48489904
s08_0train_r5_t43,8,0train,5,43,3,84631,False,Q12-E002,CHANNEL_DROPOUT,loso_s8,20260926,21,mean_rank,3,4,0.10653573,0.070579976,0.16871937,0.6541649
s08_0train_r5_t44,8,0train,5,44,3,86750,False,Q12-E002,CHANNEL_DROPOUT,loso_s8,20260926,21,mean_rank,3,4,0.04870341,0.18376854,0.28819036,0.4793377
s08_0train_r5_t45,8,0train,5,45,4,88656,False,Q12-E002,CHANNEL_DROPOUT,loso_s8,20260926,21,mean_rank,4,4,0.011467457,0.063908406,0.33668268,0.58794147
s08_0train_r5_t46,8,0train,5,46,3,90584,False,Q12-E002,CHANNEL_DROPOUT,loso_s8,20260926,21,mean_rank,3,3,0.32126725,0.12350749,0.38163626,0.17358907
s08_0train_r5_t47,8,0train,5,47,1,92698,False,Q12-E002,CHANNEL_DROPOUT,loso_s8,20260926,21,mean_rank,1,3,0.15615676,0.069540896,0.56106657,0.21323581
s08_0train_r5_t48,8,0train,5,48,3,94757,False,Q12-E002,CHANNEL_DROPOUT,loso_s8,20260926,21,mean_rank,3,3,0.04043336,0.24233127,0.5479502,0.16928522
s08_1test_r0_t01,8,1test,0,1,1,250,False,Q12-E002,CHANNEL_DROPOUT,loso_s8,20260926,21,mean_rank,1,4,0.23808002,0.2602288,0.23417161,0.2675195
s08_1test_r0_t02,8,1test,0,2,2,2253,False,Q12-E002,CHANNEL_DROPOUT,loso_s8,20260926,21,mean_rank,2,4,0.15830825,0.23766416,0.23761398,0.36641365
s08_1test_r0_t03,8,1test,0,3,2,4171,False,Q12-E002,CHANNEL_DROPOUT,loso_s8,20260926,21,mean_rank,2,2,0.186274,0.28278518,0.27096283,0.259978
s08_1test_r0_t04,8,1test,0,4,1,6123,False,Q12-E002,CHANNEL_DROPOUT,loso_s8,20260926,21,mean_rank,1,1,0.52514124,0.1945364,0.13385355,0.14646882
s08_1test_r0_t05,8,1test,0,5,2,8131,False,Q12-E002,CHANNEL_DROPOUT,loso_s8,20260926,21,mean_rank,2,2,0.018973053,0.48438922,0.33430672,0.16233101
s08_1test_r0_t06,8,1test,0,6,1,10242,False,Q12-E002,CHANNEL_DROPOUT,loso_s8,20260926,21,mean_rank,1,1,0.43872967,0.072392195,0.2603314,0.22854663
s08_1test_r0_t07,8,1test,0,7,2,12159,False,Q12-E002,CHANNEL_DROPOUT,loso_s8,20260926,21,mean_rank,2,2,0.0146560455,0.58479196,0.21251665,0.18803534
s08_1test_r0_t08,8,1test,0,8,3,14209,False,Q12-E002,CHANNEL_DROPOUT,loso_s8,20260926,21,mean_rank,3,1,0.48378432,0.15223521,0.2767272,0.08725333
s08_1test_r0_t09,8,1test,0,9,2,16140,False,Q12-E002,CHANNEL_DROPOUT,loso_s8,20260926,21,mean_rank,2,2,0.04264719,0.49180803,0.1488958,0.316649
s08_1test_r0_t10,8,1test,0,10,4,18138,True,Q12-E002,CHANNEL_DROPOUT,loso_s8,20260926,21,mean_rank,4,3,0.036506165,0.12653084,0.5372072,0.29975578
s08_1test_r0_t11,8,1test,0,11,1,20044,False,Q12-E002,CHANNEL_DROPOUT,loso_s8,20260926,21,mean_rank,1,1,0.32919946,0.14965963,0.25370237,0.26743847
s08_1test_r0_t12,8,1test,0,12,3,21939,False,Q12-E002,CHANNEL_DROPOUT,loso_s8,20260926,21,mean_rank,3,3,0.13583739,0.25442663,0.49408978,0.11564616
s08_1test_r0_t13,8,1test,0,13,2,23911,False,Q12-E002,CHANNEL_DROPOUT,loso_s8,20260926,21,mean_rank,2,4,0.046629664,0.33461925,0.2709112,0.3478399
s08_1test_r0_t14,8,1test,0,14,1,25855,False,Q12-E002,CHANNEL_DROPOUT,loso_s8,20260926,21,mean_rank,1,4,0.21352571,0.06255781,0.22744478,0.4964718
s08_1test_r0_t15,8,1test,0,15,4,27822,False,Q12-E002,CHANNEL_DROPOUT,loso_s8,20260926,21,mean_rank,4,4,0.027426066,0.14934315,0.41070935,0.41252142
s08_1test_r0_t16,8,1test,0,16,4,29942,False,Q12-E002,CHANNEL_DROPOUT,loso_s8,20260926,21,mean_rank,4,3,0.030249221,0.064001866,0.61657304,0.28917593
s08_1test_r0_t17,8,1test,0,17,4,31950,False,Q12-E002,CHANNEL_DROPOUT,loso_s8,20260926,21,mean_rank,4,4,0.073204935,0.08160974,0.37936246,0.46582282
s08_1test_r0_t18,8,1test,0,18,4,34016,False,Q12-E002,CHANNEL_DROPOUT,loso_s8,20260926,21,mean_rank,4,4,0.026344601,0.34610927,0.16094434,0.46660173
s08_1test_r0_t19,8,1test,0,19,4,36052,False,Q12-E002,CHANNEL_DROPOUT,loso_s8,20260926,21,mean_rank,4,3,0.019591492,0.06292702,0.48854712,0.4289343
s08_1test_r0_t20,8,1test,0,20,1,38118,True,Q12-E002,CHANNEL_DROPOUT,loso_s8,20260926,21,mean_rank,1,3,0.25786895,0.22376856,0.32765427,0.19070818
s08_1test_r0_t21,8,1test,0,21,3,40188,False,Q12-E002,CHANNEL_DROPOUT,loso_s8,20260926,21,mean_rank,3,3,0.23316942,0.1873655,0.38094872,0.19851637
s08_1test_r0_t22,8,1test,0,22,2,42268,False,Q12-E002,CHANNEL_DROPOUT,loso_s8,20260926,21,mean_rank,2,4,0.038616713,0.39633244,0.15410165,0.41094923
s08_1test_r0_t23,8,1test,0,23,1,44180,False,Q12-E002,CHANNEL_DROPOUT,loso_s8,20260926,21,mean_rank,1,1,0.4178719,0.10449694,0.33462706,0.14300409
s08_1test_r0_t24,8,1test,0,24,1,46211,False,Q12-E002,CHANNEL_DROPOUT,loso_s8,20260926,21,mean_rank,1,1,0.33454588,0.14948301,0.24285428,0.27311677
s08_1test_r0_t25,8,1test,0,25,3,48164,False,Q12-E002,CHANNEL_DROPOUT,loso_s8,20260926,21,mean_rank,3,3,0.118502855,0.24313778,0.38487962,0.25347975
s08_1test_r0_t26,8,1test,0,26,4,50125,False,Q12-E002,CHANNEL_DROPOUT,loso_s8,20260926,21,mean_rank,4,4,0.020116575,0.08560217,0.15958595,0.7346953
s08_1test_r0_t27,8,1test,0,27,1,52229,False,Q12-E002,CHANNEL_DROPOUT,loso_s8,20260926,21,mean_rank,1,1,0.4124515,0.027354628,0.18505219,0.3751417
s08_1test_r0_t28,8,1test,0,28,3,54233,True,Q12-E002,CHANNEL_DROPOUT,loso_s8,20260926,21,mean_rank,3,3,0.013106081,0.35537928,0.45762348,0.17389119
s08_1test_r0_t29,8,1test,0,29,3,56208,False,Q12-E002,CHANNEL_DROPOUT,loso_s8,20260926,21,mean_rank,3,4,0.018420776,0.20732418,0.36157203,0.41268295
s08_1test_r0_t30,8,1test,0,30,3,58234,False,Q12-E002,CHANNEL_DROPOUT,loso_s8,20260926,21,mean_rank,3,3,0.24706583,0.19719343,0.2898619,0.26587886
s08_1test_r0_t31,8,1test,0,31,1,60305,False,Q12-E002,CHANNEL_DROPOUT,loso_s8,20260926,21,mean_rank,1,3,0.27590284,0.07918346,0.36624673,0.278667
s08_1test_r0_t32,8,1test,0,32,2,62412,False,Q12-E002,CHANNEL_DROPOUT,loso_s8,20260926,21,mean_rank,2,2,0.013945748,0.47245666,0.2544273,0.2591702
s08_1test_r0_t33,8,1test,0,33,1,64504,False,Q12-E002,CHANNEL_DROPOUT,loso_s8,20260926,21,mean_rank,1,4,0.27304927,0.19409746,0.19844161,0.33441168
s08_1test_r0_t34,8,1test,0,34,2,66595,False,Q12-E002,CHANNEL_DROPOUT,loso_s8,20260926,21,mean_rank,2,2,0.038242202,0.54486704,0.18709087,0.22979984
s08_1test_r0_t35,8,1test,0,35,2,68638,False,Q12-E002,CHANNEL_DROPOUT,loso_s8,20260926,21,mean_rank,2,4,0.032581255,0.28065866,0.26732734,0.41943276
s08_1test_r0_t36,8,1test,0,36,1,70702,False,Q12-E002,CHANNEL_DROPOUT,loso_s8,20260926,21,mean_rank,1,1,0.32157975,0.17485228,0.25350127,0.2500667
s08_1test_r0_t37,8,1test,0,37,2,72722,False,Q12-E002,CHANNEL_DROPOUT,loso_s8,20260926,21,mean_rank,2,3,0.049949843,0.27653784,0.38842416,0.2850882
s08_1test_r0_t38,8,1test,0,38,3,74694,False,Q12-E002,CHANNEL_DROPOUT,loso_s8,20260926,21,mean_rank,3,3,0.13659337,0.24028131,0.4060172,0.21710804
s08_1test_r0_t39,8,1test,0,39,2,76657,False,Q12-E002,CHANNEL_DROPOUT,loso_s8,20260926,21,mean_rank,2,4,0.029441575,0.16884822,0.39593312,0.40577707
s08_1test_r0_t40,8,1test,0,40,3,78582,False,Q12-E002,CHANNEL_DROPOUT,loso_s8,20260926,21,mean_rank,3,3,0.053482916,0.16413453,0.40705085,0.37533167
s08_1test_r0_t41,8,1test,0,41,3,80663,False,Q12-E002,CHANNEL_DROPOUT,loso_s8,20260926,21,mean_rank,3,4,0.07899297,0.06377351,0.17860714,0.67862636
s08_1test_r0_t42,8,1test,0,42,4,82641,False,Q12-E002,CHANNEL_DROPOUT,loso_s8,20260926,21,mean_rank,4,4,0.004928983,0.31582788,0.21977967,0.4594635
s08_1test_r0_t43,8,1test,0,43,3,84631,False,Q12-E002,CHANNEL_DROPOUT,loso_s8,20260926,21,mean_rank,3,4,0.02064741,0.24129865,0.24314798,0.49490592
s08_1test_r0_t44,8,1test,0,44,3,86750,False,Q12-E002,CHANNEL_DROPOUT,loso_s8,20260926,21,mean_rank,3,4,0.0022669868,0.15991624,0.2734957,0.5643211
s08_1test_r0_t45,8,1test,0,45,4,88656,False,Q12-E002,CHANNEL_DROPOUT,loso_s8,20260926,21,mean_rank,4,2,0.022107728,0.475842,0.23735492,0.26469532
s08_1test_r0_t46,8,1test,0,46,4,90584,False,Q12-E002,CHANNEL_DROPOUT,loso_s8,20260926,21,mean_rank,4,4,0.030148583,0.20411952,0.2175972,0.54813474
s08_1test_r0_t47,8,1test,0,47,4,92698,False,Q12-E002,CHANNEL_DROPOUT,loso_s8,20260926,21,mean_rank,4,4,0.108215645,0.03891243,0.06416885,0.7887031
s08_1test_r0_t48,8,1test,0,48,4,94757,False,Q12-E002,CHANNEL_DROPOUT,loso_s8,20260926,21,mean_rank,4,4,0.042307958,0.10494291,0.30192998,0.5508191
s08_1test_r1_t01,8,1test,1,1,4,250,False,Q12-E002,CHANNEL_DROPOUT,loso_s8,20260926,21,mean_rank,4,4,0.011801378,0.23220275,0.30261612,0.45337975
s08_1test_r1_t02,8,1test,1,2,3,2253,False,Q12-E002,CHANNEL_DROPOUT,loso_s8,20260926,21,mean_rank,3,3,0.07237739,0.23892577,0.5126191,0.17607777
s08_1test_r1_t03,8,1test,1,3,2,4171,False,Q12-E002,CHANNEL_DROPOUT,loso_s8,20260926,21,mean_rank,2,3,0.055702988,0.34773055,0.49804714,0.098519415
s08_1test_r1_t04,8,1test,1,4,1,6123,False,Q12-E002,CHANNEL_DROPOUT,loso_s8,20260926,21,mean_rank,1,3,0.09747754,0.13157418,0.47198933,0.29895887
s08_1test_r1_t05,8,1test,1,5,1,8131,False,Q12-E002,CHANNEL_DROPOUT,loso_s8,20260926,21,mean_rank,1,4,0.07802084,0.105014935,0.29332086,0.5236434
s08_1test_r1_t06,8,1test,1,6,2,10242,False,Q12-E002,CHANNEL_DROPOUT,loso_s8,20260926,21,mean_rank,2,2,0.016359242,0.46915963,0.27956074,0.23492028
s08_1test_r1_t07,8,1test,1,7,3,12159,False,Q12-E002,CHANNEL_DROPOUT,loso_s8,20260926,21,mean_rank,3,4,0.044700533,0.09346385,0.28624475,0.5755909
s08_1test_r1_t08,8,1test,1,8,4,14209,False,Q12-E002,CHANNEL_DROPOUT,loso_s8,20260926,21,mean_rank,4,2,0.012003701,0.38859683,0.33435625,0.2650432
s08_1test_r1_t09,8,1test,1,9,2,16140,False,Q12-E002,CHANNEL_DROPOUT,loso_s8,20260926,21,mean_rank,2,1,0.33283895,0.118520334,0.22183332,0.32680738
s08_1test_r1_t10,8,1test,1,10,3,18138,False,Q12-E002,CHANNEL_DROPOUT,loso_s8,20260926,21,mean_rank,3,3,0.088885225,0.22648686,0.37438858,0.31023932
s08_1test_r1_t11,8,1test,1,11,1,20044,False,Q12-E002,CHANNEL_DROPOUT,loso_s8,20260926,21,mean_rank,1,1,0.3755479,0.1587823,0.28353885,0.18213098
s08_1test_r1_t12,8,1test,1,12,1,21939,False,Q12-E002,CHANNEL_DROPOUT,loso_s8,20260926,21,mean_rank,1,3,0.15933347,0.22018804,0.3321849,0.28829363
s08_1test_r1_t13,8,1test,1,13,1,23911,False,Q12-E002,CHANNEL_DROPOUT,loso_s8,20260926,21,mean_rank,1,4,0.11982556,0.12344351,0.13193938,0.6247915
s08_1test_r1_t14,8,1test,1,14,4,25855,False,Q12-E002,CHANNEL_DROPOUT,loso_s8,20260926,21,mean_rank,4,3,0.008961457,0.22853588,0.46719012,0.29531258
s08_1test_r1_t15,8,1test,1,15,2,27822,False,Q12-E002,CHANNEL_DROPOUT,loso_s8,20260926,21,mean_rank,2,3,0.02638616,0.2998761,0.36855382,0.30518392
s08_1test_r1_t16,8,1test,1,16,2,29942,False,Q12-E002,CHANNEL_DROPOUT,loso_s8,20260926,21,mean_rank,2,2,0.0054303408,0.49147525,0.19446003,0.30863443
s08_1test_r1_t17,8,1test,1,17,1,31950,False,Q12-E002,CHANNEL_DROPOUT,loso_s8,20260926,21,mean_rank,1,3,0.16058028,0.16277036,0.35976243,0.31688693
s08_1test_r1_t18,8,1test,1,18,1,34016,False,Q12-E002,CHANNEL_DROPOUT,loso_s8,20260926,21,mean_rank,1,1,0.3922067,0.14275238,0.2927877,0.17225325
s08_1test_r1_t19,8,1test,1,19,3,36052,True,Q12-E002,CHANNEL_DROPOUT,loso_s8,20260926,21,mean_rank,3,4,0.030336976,0.12800068,0.2790543,0.56260806
s08_1test_r1_t20,8,1test,1,20,1,38118,False,Q12-E002,CHANNEL_DROPOUT,loso_s8,20260926,21,mean_rank,1,1,0.42306188,0.16168536,0.1366082,0.2786446
s08_1test_r1_t21,8,1test,1,21,2,40188,False,Q12-E002,CHANNEL_DROPOUT,loso_s8,20260926,21,mean_rank,2,3,0.050787233,0.1721398,0.40635085,0.3707222
s08_1test_r1_t22,8,1test,1,22,4,42268,False,Q12-E002,CHANNEL_DROPOUT,loso_s8,20260926,21,mean_rank,4,4,0.2177974,0.117299765,0.2918006,0.37310225
s08_1test_r1_t23,8,1test,1,23,4,44180,False,Q12-E002,CHANNEL_DROPOUT,loso_s8,20260926,21,mean_rank,4,4,0.05495124,0.048170447,0.16789284,0.7289854
s08_1test_r1_t24,8,1test,1,24,3,46211,False,Q12-E002,CHANNEL_DROPOUT,loso_s8,20260926,21,mean_rank,3,3,0.2776374,0.23837127,0.29680252,0.18718882
s08_1test_r1_t25,8,1test,1,25,1,48164,False,Q12-E002,CHANNEL_DROPOUT,loso_s8,20260926,21,mean_rank,1,4,0.28677118,0.07311942,0.2820537,0.35805568
s08_1test_r1_t26,8,1test,1,26,4,50125,False,Q12-E002,CHANNEL_DROPOUT,loso_s8,20260926,21,mean_rank,4,3,0.030122297,0.32360548,0.3853373,0.26093498
s08_1test_r1_t27,8,1test,1,27,4,52229,False,Q12-E002,CHANNEL_DROPOUT,loso_s8,20260926,21,mean_rank,4,4,0.07685795,0.3562748,0.16260125,0.40426597
s08_1test_r1_t28,8,1test,1,28,2,54233,False,Q12-E002,CHANNEL_DROPOUT,loso_s8,20260926,21,mean_rank,2,4,0.15531914,0.2962281,0.24268477,0.30576798
s08_1test_r1_t29,8,1test,1,29,4,56208,False,Q12-E002,CHANNEL_DROPOUT,loso_s8,20260926,21,mean_rank,4,2,0.018657515,0.40772578,0.32820854,0.24540815
s08_1test_r1_t30,8,1test,1,30,4,58234,False,Q12-E002,CHANNEL_DROPOUT,loso_s8,20260926,21,mean_rank,4,4,0.2713307,0.13858852,0.29428756,0.2957932
s08_1test_r1_t31,8,1test,1,31,2,60305,False,Q12-E002,CHANNEL_DROPOUT,loso_s8,20260926,21,mean_rank,2,4,0.009196686,0.07744364,0.20869021,0.7046695
s08_1test_r1_t32,8,1test,1,32,1,62412,False,Q12-E002,CHANNEL_DROPOUT,loso_s8,20260926,21,mean_rank,1,4,0.26072425,0.18990174,0.2542599,0.29511407
s08_1test_r1_t33,8,1test,1,33,2,64504,False,Q12-E002,CHANNEL_DROPOUT,loso_s8,20260926,21,mean_rank,2,4,0.01859174,0.33299044,0.20176852,0.44664934
s08_1test_r1_t34,8,1test,1,34,3,66595,False,Q12-E002,CHANNEL_DROPOUT,loso_s8,20260926,21,mean_rank,3,4,0.09077386,0.3331965,0.19397777,0.38205191
s08_1test_r1_t35,8,1test,1,35,3,68638,False,Q12-E002,CHANNEL_DROPOUT,loso_s8,20260926,21,mean_rank,3,3,0.018460467,0.08503952,0.46774954,0.4287505
s08_1test_r1_t36,8,1test,1,36,3,70702,False,Q12-E002,CHANNEL_DROPOUT,loso_s8,20260926,21,mean_rank,3,4,0.019130731,0.19097336,0.343654,0.44624195
s08_1test_r1_t37,8,1test,1,37,4,72722,False,Q12-E002,CHANNEL_DROPOUT,loso_s8,20260926,21,mean_rank,4,4,0.022780182,0.070824586,0.08266657,0.8237287
s08_1test_r1_t38,8,1test,1,38,3,74694,False,Q12-E002,CHANNEL_DROPOUT,loso_s8,20260926,21,mean_rank,3,3,0.13435297,0.16632202,0.36523563,0.3340894
s08_1test_r1_t39,8,1test,1,39,1,76657,False,Q12-E002,CHANNEL_DROPOUT,loso_s8,20260926,21,mean_rank,1,3,0.2220255,0.28878146,0.29828882,0.1909042
s08_1test_r1_t40,8,1test,1,40,4,78582,False,Q12-E002,CHANNEL_DROPOUT,loso_s8,20260926,21,mean_rank,4,3,0.05800865,0.15043662,0.4405694,0.35098532
s08_1test_r1_t41,8,1test,1,41,2,80663,False,Q12-E002,CHANNEL_DROPOUT,loso_s8,20260926,21,mean_rank,2,2,0.15557098,0.38298917,0.28215134,0.1792885
s08_1test_r1_t42,8,1test,1,42,3,82641,False,Q12-E002,CHANNEL_DROPOUT,loso_s8,20260926,21,mean_rank,3,4,0.005024561,0.06472181,0.13595386,0.7942997
s08_1test_r1_t43,8,1test,1,43,2,84631,True,Q12-E002,CHANNEL_DROPOUT,loso_s8,20260926,21,mean_rank,2,3,0.009202745,0.24320427,0.4296329,0.31796005
s08_1test_r1_t44,8,1test,1,44,3,86750,False,Q12-E002,CHANNEL_DROPOUT,loso_s8,20260926,21,mean_rank,3,4,0.024589475,0.3079491,0.29899547,0.368466
s08_1test_r1_t45,8,1test,1,45,4,88656,True,Q12-E002,CHANNEL_DROPOUT,loso_s8,20260926,21,mean_rank,4,4,0.12173955,0.19106893,0.14369047,0.543501
s08_1test_r1_t46,8,1test,1,46,2,90584,False,Q12-E002,CHANNEL_DROPOUT,loso_s8,20260926,21,mean_rank,2,4,0.041883133,0.18755662,0.35671052,0.41384977
s08_1test_r1_t47,8,1test,1,47,3,92698,False,Q12-E002,CHANNEL_DROPOUT,loso_s8,20260926,21,mean_rank,3,4,0.10007609,0.113558225,0.35692585,0.4294398
s08_1test_r1_t48,8,1test,1,48,1,94757,False,Q12-E002,CHANNEL_DROPOUT,loso_s8,20260926,21,mean_rank,1,3,0.30617046,0.070732355,0.41699672,0.20610051
s08_1test_r2_t01,8,1test,2,1,1,250,False,Q12-E002,CHANNEL_DROPOUT,loso_s8,20260926,21,mean_rank,1,3,0.2108246,0.16947018,0.46259484,0.15711032
s08_1test_r2_t02,8,1test,2,2,1,2253,False,Q12-E002,CHANNEL_DROPOUT,loso_s8,20260926,21,mean_rank,1,4,0.083968356,0.19955316,0.33715606,0.3793224
s08_1test_r2_t03,8,1test,2,3,4,4171,False,Q12-E002,CHANNEL_DROPOUT,loso_s8,20260926,21,mean_rank,4,4,0.02909959,0.021312643,0.052229278,0.89735854
s08_1test_r2_t04,8,1test,2,4,2,6123,False,Q12-E002,CHANNEL_DROPOUT,loso_s8,20260926,21,mean_rank,2,3,0.0110677285,0.25274628,0.5782957,0.15789032
s08_1test_r2_t05,8,1test,2,5,1,8131,False,Q12-E002,CHANNEL_DROPOUT,loso_s8,20260926,21,mean_rank,1,3,0.2775967,0.18409032,0.30518806,0.23312487
s08_1test_r2_t06,8,1test,2,6,3,10242,False,Q12-E002,CHANNEL_DROPOUT,loso_s8,20260926,21,mean_rank,3,3,0.082531296,0.21151948,0.3819663,0.32398292
s08_1test_r2_t07,8,1test,2,7,1,12159,False,Q12-E002,CHANNEL_DROPOUT,loso_s8,20260926,21,mean_rank,1,1,0.33964247,0.078824304,0.25752395,0.32400927
s08_1test_r2_t08,8,1test,2,8,3,14209,False,Q12-E002,CHANNEL_DROPOUT,loso_s8,20260926,21,mean_rank,3,4,0.025971387,0.2007593,0.23720239,0.53606695
s08_1test_r2_t09,8,1test,2,9,2,16140,False,Q12-E002,CHANNEL_DROPOUT,loso_s8,20260926,21,mean_rank,2,3,0.057523496,0.31661814,0.38379917,0.24205911
s08_1test_r2_t10,8,1test,2,10,4,18138,False,Q12-E002,CHANNEL_DROPOUT,loso_s8,20260926,21,mean_rank,4,4,0.087589085,0.21123911,0.14853722,0.55263454
s08_1test_r2_t11,8,1test,2,11,1,20044,False,Q12-E002,CHANNEL_DROPOUT,loso_s8,20260926,21,mean_rank,1,1,0.45390356,0.06925758,0.3128408,0.16399804
s08_1test_r2_t12,8,1test,2,12,3,21939,False,Q12-E002,CHANNEL_DROPOUT,loso_s8,20260926,21,mean_rank,3,3,0.08067514,0.26806793,0.4367318,0.21452518
s08_1test_r2_t13,8,1test,2,13,3,23911,False,Q12-E002,CHANNEL_DROPOUT,loso_s8,20260926,21,mean_rank,3,1,0.3223516,0.15301172,0.2924701,0.23216656
s08_1test_r2_t14,8,1test,2,14,1,25855,False,Q12-E002,CHANNEL_DROPOUT,loso_s8,20260926,21,mean_rank,1,1,0.4357828,0.1934352,0.25168538,0.119096555
s08_1test_r2_t15,8,1test,2,15,3,27822,False,Q12-E002,CHANNEL_DROPOUT,loso_s8,20260926,21,mean_rank,3,3,0.040236752,0.3158122,0.39438298,0.24956813
s08_1test_r2_t16,8,1test,2,16,2,29942,False,Q12-E002,CHANNEL_DROPOUT,loso_s8,20260926,21,mean_rank,2,3,0.07603119,0.31170285,0.32165518,0.29061082
s08_1test_r2_t17,8,1test,2,17,4,31950,False,Q12-E002,CHANNEL_DROPOUT,loso_s8,20260926,21,mean_rank,4,4,0.16825753,0.037198294,0.2341237,0.56042045
s08_1test_r2_t18,8,1test,2,18,4,34016,False,Q12-E002,CHANNEL_DROPOUT,loso_s8,20260926,21,mean_rank,4,4,0.053438276,0.16486658,0.36803854,0.41365665
s08_1test_r2_t19,8,1test,2,19,4,36052,False,Q12-E002,CHANNEL_DROPOUT,loso_s8,20260926,21,mean_rank,4,4,0.2166219,0.118529744,0.14700727,0.5178411
s08_1test_r2_t20,8,1test,2,20,3,38118,False,Q12-E002,CHANNEL_DROPOUT,loso_s8,20260926,21,mean_rank,3,4,0.05569014,0.1503244,0.25281557,0.5411699
s08_1test_r2_t21,8,1test,2,21,1,40188,False,Q12-E002,CHANNEL_DROPOUT,loso_s8,20260926,21,mean_rank,1,4,0.23627701,0.021324992,0.17507707,0.56732094
s08_1test_r2_t22,8,1test,2,22,4,42268,False,Q12-E002,CHANNEL_DROPOUT,loso_s8,20260926,21,mean_rank,4,4,0.051969845,0.18359609,0.17991906,0.584515
s08_1test_r2_t23,8,1test,2,23,2,44180,False,Q12-E002,CHANNEL_DROPOUT,loso_s8,20260926,21,mean_rank,2,2,0.017941045,0.6736602,0.16828915,0.14010967
s08_1test_r2_t24,8,1test,2,24,4,46211,True,Q12-E002,CHANNEL_DROPOUT,loso_s8,20260926,21,mean_rank,4,4,0.081322,0.2536328,0.25880963,0.40623555
s08_1test_r2_t25,8,1test,2,25,2,48164,False,Q12-E002,CHANNEL_DROPOUT,loso_s8,20260926,21,mean_rank,2,3,0.06308304,0.15217288,0.41253448,0.3722096
s08_1test_r2_t26,8,1test,2,26,1,50125,False,Q12-E002,CHANNEL_DROPOUT,loso_s8,20260926,21,mean_rank,1,4,0.3324954,0.05791794,0.20528638,0.4043003
s08_1test_r2_t27,8,1test,2,27,3,52229,False,Q12-E002,CHANNEL_DROPOUT,loso_s8,20260926,21,mean_rank,3,4,0.03685785,0.27779958,0.26059848,0.42474422
s08_1test_r2_t28,8,1test,2,28,2,54233,False,Q12-E002,CHANNEL_DROPOUT,loso_s8,20260926,21,mean_rank,2,2,0.026649645,0.49610403,0.23637392,0.24087241
s08_1test_r2_t29,8,1test,2,29,1,56208,False,Q12-E002,CHANNEL_DROPOUT,loso_s8,20260926,21,mean_rank,1,1,0.530286,0.10652686,0.23581004,0.12737708
s08_1test_r2_t30,8,1test,2,30,3,58234,False,Q12-E002,CHANNEL_DROPOUT,loso_s8,20260926,21,mean_rank,3,4,0.10254806,0.23334488,0.28874564,0.37536144
s08_1test_r2_t31,8,1test,2,31,3,60305,False,Q12-E002,CHANNEL_DROPOUT,loso_s8,20260926,21,mean_rank,3,3,0.024702104,0.109427884,0.46219352,0.4036765
s08_1test_r2_t32,8,1test,2,32,1,62412,False,Q12-E002,CHANNEL_DROPOUT,loso_s8,20260926,21,mean_rank,1,4,0.15266837,0.083582826,0.3426933,0.42105556
s08_1test_r2_t33,8,1test,2,33,3,64504,False,Q12-E002,CHANNEL_DROPOUT,loso_s8,20260926,21,mean_rank,3,3,0.096468166,0.17917383,0.4801308,0.24422723
s08_1test_r2_t34,8,1test,2,34,4,66595,False,Q12-E002,CHANNEL_DROPOUT,loso_s8,20260926,21,mean_rank,4,4,0.021872396,0.034379456,0.053930327,0.88981783
s08_1test_r2_t35,8,1test,2,35,4,68638,False,Q12-E002,CHANNEL_DROPOUT,loso_s8,20260926,21,mean_rank,4,4,0.17702065,0.08329302,0.21612717,0.5235592
s08_1test_r2_t36,8,1test,2,36,2,70702,False,Q12-E002,CHANNEL_DROPOUT,loso_s8,20260926,21,mean_rank,2,4,0.10923359,0.1462487,0.16271146,0.58180624
s08_1test_r2_t37,8,1test,2,37,1,72722,False,Q12-E002,CHANNEL_DROPOUT,loso_s8,20260926,21,mean_rank,1,1,0.37249646,0.21788666,0.29687768,0.11273919
s08_1test_r2_t38,8,1test,2,38,2,74694,False,Q12-E002,CHANNEL_DROPOUT,loso_s8,20260926,21,mean_rank,2,2,0.075445004,0.39261478,0.29735464,0.2345856
s08_1test_r2_t39,8,1test,2,39,4,76657,False,Q12-E002,CHANNEL_DROPOUT,loso_s8,20260926,21,mean_rank,4,4,0.008347133,0.022316199,0.060469296,0.9088673
s08_1test_r2_t40,8,1test,2,40,2,78582,False,Q12-E002,CHANNEL_DROPOUT,loso_s8,20260926,21,mean_rank,2,4,0.012394607,0.20974445,0.2250761,0.5527848
s08_1test_r2_t41,8,1test,2,41,4,80663,False,Q12-E002,CHANNEL_DROPOUT,loso_s8,20260926,21,mean_rank,4,4,0.015729297,0.089344114,0.02090018,0.8740265
s08_1test_r2_t42,8,1test,2,42,3,82641,False,Q12-E002,CHANNEL_DROPOUT,loso_s8,20260926,21,mean_rank,3,3,0.01297953,0.09660085,0.72721374,0.16320598
s08_1test_r2_t43,8,1test,2,43,2,84631,False,Q12-E002,CHANNEL_DROPOUT,loso_s8,20260926,21,mean_rank,2,3,0.057717618,0.1565999,0.42474928,0.36093318
s08_1test_r2_t44,8,1test,2,44,2,86750,False,Q12-E002,CHANNEL_DROPOUT,loso_s8,20260926,21,mean_rank,2,2,0.063240305,0.48333246,0.20237812,0.25104904
s08_1test_r2_t45,8,1test,2,45,2,88656,False,Q12-E002,CHANNEL_DROPOUT,loso_s8,20260926,21,mean_rank,2,2,0.0365489,0.53335553,0.083897404,0.34619814
s08_1test_r2_t46,8,1test,2,46,3,90584,False,Q12-E002,CHANNEL_DROPOUT,loso_s8,20260926,21,mean_rank,3,4,0.12188201,0.17788571,0.2547587,0.44547367
s08_1test_r2_t47,8,1test,2,47,4,92698,False,Q12-E002,CHANNEL_DROPOUT,loso_s8,20260926,21,mean_rank,4,4,0.021104302,0.35791668,0.0800434,0.54093564
s08_1test_r2_t48,8,1test,2,48,1,94757,False,Q12-E002,CHANNEL_DROPOUT,loso_s8,20260926,21,mean_rank,1,1,0.60886955,0.059520032,0.19198476,0.13962565
s08_1test_r3_t01,8,1test,3,1,2,250,False,Q12-E002,CHANNEL_DROPOUT,loso_s8,20260926,21,mean_rank,2,1,0.32907674,0.2632853,0.2391962,0.16844179
s08_1test_r3_t02,8,1test,3,2,4,2253,True,Q12-E002,CHANNEL_DROPOUT,loso_s8,20260926,21,mean_rank,4,2,0.015233927,0.43024698,0.25621304,0.29830602
s08_1test_r3_t03,8,1test,3,3,1,4171,False,Q12-E002,CHANNEL_DROPOUT,loso_s8,20260926,21,mean_rank,1,1,0.26715076,0.23037818,0.24402033,0.25845072
s08_1test_r3_t04,8,1test,3,4,3,6123,False,Q12-E002,CHANNEL_DROPOUT,loso_s8,20260926,21,mean_rank,3,3,0.17176831,0.2853061,0.30423585,0.23868978
s08_1test_r3_t05,8,1test,3,5,3,8131,False,Q12-E002,CHANNEL_DROPOUT,loso_s8,20260926,21,mean_rank,3,4,0.091022916,0.19276948,0.23000066,0.48620695
s08_1test_r3_t06,8,1test,3,6,4,10242,False,Q12-E002,CHANNEL_DROPOUT,loso_s8,20260926,21,mean_rank,4,4,0.035176605,0.12674826,0.0601111,0.7779641
s08_1test_r3_t07,8,1test,3,7,1,12159,True,Q12-E002,CHANNEL_DROPOUT,loso_s8,20260926,21,mean_rank,1,4,0.1612195,0.28193152,0.26099998,0.295849
s08_1test_r3_t08,8,1test,3,8,1,14209,False,Q12-E002,CHANNEL_DROPOUT,loso_s8,20260926,21,mean_rank,1,1,0.5789655,0.036646605,0.23460391,0.14978398
s08_1test_r3_t09,8,1test,3,9,3,16140,False,Q12-E002,CHANNEL_DROPOUT,loso_s8,20260926,21,mean_rank,3,3,0.006637732,0.23463891,0.47191158,0.2868118
s08_1test_r3_t10,8,1test,3,10,2,18138,False,Q12-E002,CHANNEL_DROPOUT,loso_s8,20260926,21,mean_rank,2,2,0.1353598,0.37617257,0.24532829,0.2431393
s08_1test_r3_t11,8,1test,3,11,4,20044,False,Q12-E002,CHANNEL_DROPOUT,loso_s8,20260926,21,mean_rank,4,4,0.013208275,0.2984134,0.21165244,0.4767259
s08_1test_r3_t12,8,1test,3,12,4,21939,False,Q12-E002,CHANNEL_DROPOUT,loso_s8,20260926,21,mean_rank,4,4,0.017036194,0.22021544,0.28645962,0.47628877
s08_1test_r3_t13,8,1test,3,13,4,23911,False,Q12-E002,CHANNEL_DROPOUT,loso_s8,20260926,21,mean_rank,4,4,0.042687673,0.26893485,0.28829166,0.40008584
s08_1test_r3_t14,8,1test,3,14,2,25855,False,Q12-E002,CHANNEL_DROPOUT,loso_s8,20260926,21,mean_rank,2,3,0.029007139,0.29772016,0.48252583,0.19074687
s08_1test_r3_t15,8,1test,3,15,1,27822,False,Q12-E002,CHANNEL_DROPOUT,loso_s8,20260926,21,mean_rank,1,3,0.3797281,0.055602897,0.45078793,0.11388114
s08_1test_r3_t16,8,1test,3,16,3,29942,False,Q12-E002,CHANNEL_DROPOUT,loso_s8,20260926,21,mean_rank,3,3,0.2657135,0.083112046,0.39648643,0.25468794
s08_1test_r3_t17,8,1test,3,17,2,31950,False,Q12-E002,CHANNEL_DROPOUT,loso_s8,20260926,21,mean_rank,2,2,0.009765288,0.5832933,0.24606308,0.16087835
s08_1test_r3_t18,8,1test,3,18,4,34016,False,Q12-E002,CHANNEL_DROPOUT,loso_s8,20260926,21,mean_rank,4,4,0.029635549,0.39847898,0.08675251,0.48513293
s08_1test_r3_t19,8,1test,3,19,1,36052,False,Q12-E002,CHANNEL_DROPOUT,loso_s8,20260926,21,mean_rank,1,1,0.65040725,0.06019513,0.13250718,0.15689044
s08_1test_r3_t20,8,1test,3,20,4,38118,False,Q12-E002,CHANNEL_DROPOUT,loso_s8,20260926,21,mean_rank,4,2,0.013812882,0.46677917,0.38732278,0.13208511
s08_1test_r3_t21,8,1test,3,21,3,40188,False,Q12-E002,CHANNEL_DROPOUT,loso_s8,20260926,21,mean_rank,3,3,0.3473568,0.10142082,0.37689283,0.17432955
s08_1test_r3_t22,8,1test,3,22,2,42268,False,Q12-E002,CHANNEL_DROPOUT,loso_s8,20260926,21,mean_rank,2,2,0.14608541,0.40304613,0.25795403,0.19291444
s08_1test_r3_t23,8,1test,3,23,4,44180,False,Q12-E002,CHANNEL_DROPOUT,loso_s8,20260926,21,mean_rank,4,4,0.17861414,0.080186665,0.36186892,0.37933025
s08_1test_r3_t24,8,1test,3,24,4,46211,False,Q12-E002,CHANNEL_DROPOUT,loso_s8,20260926,21,mean_rank,4,4,0.009286294,0.14723831,0.21222875,0.6312467
s08_1test_r3_t25,8,1test,3,25,1,48164,False,Q12-E002,CHANNEL_DROPOUT,loso_s8,20260926,21,mean_rank,1,4,0.17535736,0.11785371,0.27072534,0.43606362
s08_1test_r3_t26,8,1test,3,26,2,50125,False,Q12-E002,CHANNEL_DROPOUT,loso_s8,20260926,21,mean_rank,2,2,0.018053986,0.52776533,0.34943196,0.10474875
s08_1test_r3_t27,8,1test,3,27,2,52229,False,Q12-E002,CHANNEL_DROPOUT,loso_s8,20260926,21,mean_rank,2,2,0.08746325,0.36406696,0.25267342,0.29579636
s08_1test_r3_t28,8,1test,3,28,3,54233,False,Q12-E002,CHANNEL_DROPOUT,loso_s8,20260926,21,mean_rank,3,3,0.19794022,0.22172077,0.4397903,0.14054863
s08_1test_r3_t29,8,1test,3,29,4,56208,False,Q12-E002,CHANNEL_DROPOUT,loso_s8,20260926,21,mean_rank,4,3,0.0033731358,0.27038112,0.5250803,0.20116538
s08_1test_r3_t30,8,1test,3,30,2,58234,False,Q12-E002,CHANNEL_DROPOUT,loso_s8,20260926,21,mean_rank,2,2,0.10779992,0.4118435,0.1920104,0.2883462
s08_1test_r3_t31,8,1test,3,31,1,60305,True,Q12-E002,CHANNEL_DROPOUT,loso_s8,20260926,21,mean_rank,1,3,0.20991199,0.17143337,0.37974417,0.23891051
s08_1test_r3_t32,8,1test,3,32,1,62412,False,Q12-E002,CHANNEL_DROPOUT,loso_s8,20260926,21,mean_rank,1,1,0.42765677,0.18331216,0.11101193,0.27801916
s08_1test_r3_t33,8,1test,3,33,4,64504,False,Q12-E002,CHANNEL_DROPOUT,loso_s8,20260926,21,mean_rank,4,4,0.005842181,0.3490752,0.0890053,0.55607736
s08_1test_r3_t34,8,1test,3,34,2,66595,False,Q12-E002,CHANNEL_DROPOUT,loso_s8,20260926,21,mean_rank,2,2,0.031753667,0.53786546,0.25127137,0.1791095
s08_1test_r3_t35,8,1test,3,35,1,68638,False,Q12-E002,CHANNEL_DROPOUT,loso_s8,20260926,21,mean_rank,1,2,0.23079225,0.2903664,0.20485191,0.27398938
s08_1test_r3_t36,8,1test,3,36,3,70702,False,Q12-E002,CHANNEL_DROPOUT,loso_s8,20260926,21,mean_rank,3,2,0.07003709,0.5445549,0.23479138,0.15061663
s08_1test_r3_t37,8,1test,3,37,2,72722,False,Q12-E002,CHANNEL_DROPOUT,loso_s8,20260926,21,mean_rank,2,2,0.018172681,0.4387618,0.13873398,0.4043315
s08_1test_r3_t38,8,1test,3,38,2,74694,False,Q12-E002,CHANNEL_DROPOUT,loso_s8,20260926,21,mean_rank,2,2,0.019156992,0.54029113,0.08248664,0.35806525
s08_1test_r3_t39,8,1test,3,39,3,76657,False,Q12-E002,CHANNEL_DROPOUT,loso_s8,20260926,21,mean_rank,3,1,0.44502693,0.14197503,0.21607238,0.19692566
s08_1test_r3_t40,8,1test,3,40,1,78582,False,Q12-E002,CHANNEL_DROPOUT,loso_s8,20260926,21,mean_rank,1,4,0.30043596,0.09115587,0.2901103,0.31829792
s08_1test_r3_t41,8,1test,3,41,4,80663,False,Q12-E002,CHANNEL_DROPOUT,loso_s8,20260926,21,mean_rank,4,3,0.030673098,0.23813078,0.41241485,0.31878126
s08_1test_r3_t42,8,1test,3,42,3,82641,False,Q12-E002,CHANNEL_DROPOUT,loso_s8,20260926,21,mean_rank,3,3,0.22325452,0.14040887,0.361952,0.2743846
s08_1test_r3_t43,8,1test,3,43,3,84631,False,Q12-E002,CHANNEL_DROPOUT,loso_s8,20260926,21,mean_rank,3,4,0.13272077,0.25324103,0.23404668,0.37999153
s08_1test_r3_t44,8,1test,3,44,3,86750,False,Q12-E002,CHANNEL_DROPOUT,loso_s8,20260926,21,mean_rank,3,3,0.08218709,0.27919698,0.4167854,0.22183059
s08_1test_r3_t45,8,1test,3,45,3,88656,False,Q12-E002,CHANNEL_DROPOUT,loso_s8,20260926,21,mean_rank,3,4,0.046147637,0.2633141,0.23372068,0.45681763
s08_1test_r3_t46,8,1test,3,46,1,90584,False,Q12-E002,CHANNEL_DROPOUT,loso_s8,20260926,21,mean_rank,1,4,0.09239891,0.060728073,0.36516953,0.4817035
s08_1test_r3_t47,8,1test,3,47,2,92698,False,Q12-E002,CHANNEL_DROPOUT,loso_s8,20260926,21,mean_rank,2,2,0.043812383,0.6150386,0.18856615,0.15258294
s08_1test_r3_t48,8,1test,3,48,1,94757,False,Q12-E002,CHANNEL_DROPOUT,loso_s8,20260926,21,mean_rank,1,3,0.24989058,0.16314314,0.3630275,0.22393876
s08_1test_r4_t01,8,1test,4,1,2,250,False,Q12-E002,CHANNEL_DROPOUT,loso_s8,20260926,21,mean_rank,2,2,0.011300918,0.5231576,0.2596156,0.20592593
s08_1test_r4_t02,8,1test,4,2,1,2253,False,Q12-E002,CHANNEL_DROPOUT,loso_s8,20260926,21,mean_rank,1,1,0.4800483,0.032181308,0.2994054,0.18836504
s08_1test_r4_t03,8,1test,4,3,1,4171,False,Q12-E002,CHANNEL_DROPOUT,loso_s8,20260926,21,mean_rank,1,3,0.2027644,0.21957932,0.4038796,0.17377666
s08_1test_r4_t04,8,1test,4,4,3,6123,False,Q12-E002,CHANNEL_DROPOUT,loso_s8,20260926,21,mean_rank,3,2,0.12740625,0.3602688,0.35654354,0.15578145
s08_1test_r4_t05,8,1test,4,5,3,8131,False,Q12-E002,CHANNEL_DROPOUT,loso_s8,20260926,21,mean_rank,3,3,0.03955284,0.08213828,0.50685704,0.3714518
s08_1test_r4_t06,8,1test,4,6,2,10242,False,Q12-E002,CHANNEL_DROPOUT,loso_s8,20260926,21,mean_rank,2,3,0.1580975,0.2562016,0.3307849,0.254916
s08_1test_r4_t07,8,1test,4,7,3,12159,False,Q12-E002,CHANNEL_DROPOUT,loso_s8,20260926,21,mean_rank,3,1,0.49506453,0.17010933,0.1799783,0.15484782
s08_1test_r4_t08,8,1test,4,8,4,14209,False,Q12-E002,CHANNEL_DROPOUT,loso_s8,20260926,21,mean_rank,4,4,0.010154483,0.25277013,0.055218842,0.6818565
s08_1test_r4_t09,8,1test,4,9,1,16140,False,Q12-E002,CHANNEL_DROPOUT,loso_s8,20260926,21,mean_rank,1,1,0.5824748,0.03374639,0.1394002,0.24437858
s08_1test_r4_t10,8,1test,4,10,4,18138,False,Q12-E002,CHANNEL_DROPOUT,loso_s8,20260926,21,mean_rank,4,4,0.03112756,0.25458395,0.2620823,0.4522061
s08_1test_r4_t11,8,1test,4,11,1,20044,False,Q12-E002,CHANNEL_DROPOUT,loso_s8,20260926,21,mean_rank,1,1,0.5807917,0.03627159,0.27295494,0.10998177
s08_1test_r4_t12,8,1test,4,12,1,21939,False,Q12-E002,CHANNEL_DROPOUT,loso_s8,20260926,21,mean_rank,1,1,0.32843798,0.27422374,0.23651859,0.16081971
s08_1test_r4_t13,8,1test,4,13,2,23911,False,Q12-E002,CHANNEL_DROPOUT,loso_s8,20260926,21,mean_rank,2,2,0.016291605,0.4958775,0.3654903,0.12234065
s08_1test_r4_t14,8,1test,4,14,4,25855,False,Q12-E002,CHANNEL_DROPOUT,loso_s8,20260926,21,mean_rank,4,4,0.0061467304,0.17913334,0.40319434,0.41152558
s08_1test_r4_t15,8,1test,4,15,3,27822,False,Q12-E002,CHANNEL_DROPOUT,loso_s8,20260926,21,mean_rank,3,3,0.032444324,0.31134376,0.44627044,0.20994154
s08_1test_r4_t16,8,1test,4,16,2,29942,False,Q12-E002,CHANNEL_DROPOUT,loso_s8,20260926,21,mean_rank,2,2,0.016840408,0.5874212,0.22755697,0.16818137
s08_1test_r4_t17,8,1test,4,17,4,31950,False,Q12-E002,CHANNEL_DROPOUT,loso_s8,20260926,21,mean_rank,4,4,0.01876916,0.04158959,0.19372934,0.7459119
s08_1test_r4_t18,8,1test,4,18,3,34016,False,Q12-E002,CHANNEL_DROPOUT,loso_s8,20260926,21,mean_rank,3,3,0.01951609,0.18742366,0.46394947,0.32911077
s08_1test_r4_t19,8,1test,4,19,4,36052,False,Q12-E002,CHANNEL_DROPOUT,loso_s8,20260926,21,mean_rank,4,2,0.071431585,0.38287538,0.19108422,0.3546088
s08_1test_r4_t20,8,1test,4,20,3,38118,False,Q12-E002,CHANNEL_DROPOUT,loso_s8,20260926,21,mean_rank,3,3,0.16266602,0.25159353,0.3531123,0.2326282
s08_1test_r4_t21,8,1test,4,21,4,40188,False,Q12-E002,CHANNEL_DROPOUT,loso_s8,20260926,21,mean_rank,4,4,0.03686404,0.18700507,0.048697807,0.727433
s08_1test_r4_t22,8,1test,4,22,2,42268,False,Q12-E002,CHANNEL_DROPOUT,loso_s8,20260926,21,mean_rank,2,2,0.04192794,0.45805377,0.32637724,0.173641
s08_1test_r4_t23,8,1test,4,23,2,44180,True,Q12-E002,CHANNEL_DROPOUT,loso_s8,20260926,21,mean_rank,2,3,0.013074546,0.36866865,0.40193892,0.21631797
s08_1test_r4_t24,8,1test,4,24,4,46211,False,Q12-E002,CHANNEL_DROPOUT,loso_s8,20260926,21,mean_rank,4,3,0.030372452,0.32656187,0.38874447,0.25432125
s08_1test_r4_t25,8,1test,4,25,1,48164,False,Q12-E002,CHANNEL_DROPOUT,loso_s8,20260926,21,mean_rank,1,1,0.35969964,0.14979632,0.25206307,0.23844092
s08_1test_r4_t26,8,1test,4,26,2,50125,False,Q12-E002,CHANNEL_DROPOUT,loso_s8,20260926,21,mean_rank,2,3,0.053453878,0.31356436,0.37760577,0.25537595
s08_1test_r4_t27,8,1test,4,27,2,52229,False,Q12-E002,CHANNEL_DROPOUT,loso_s8,20260926,21,mean_rank,2,4,0.030576564,0.17117411,0.3004788,0.49777052
s08_1test_r4_t28,8,1test,4,28,2,54233,False,Q12-E002,CHANNEL_DROPOUT,loso_s8,20260926,21,mean_rank,2,4,0.10016596,0.14038655,0.24863763,0.5108099
s08_1test_r4_t29,8,1test,4,29,3,56208,False,Q12-E002,CHANNEL_DROPOUT,loso_s8,20260926,21,mean_rank,3,3,0.09236283,0.09707616,0.49814612,0.3124149
s08_1test_r4_t30,8,1test,4,30,4,58234,False,Q12-E002,CHANNEL_DROPOUT,loso_s8,20260926,21,mean_rank,4,4,0.014959331,0.18490069,0.36495602,0.43518397
s08_1test_r4_t31,8,1test,4,31,1,60305,False,Q12-E002,CHANNEL_DROPOUT,loso_s8,20260926,21,mean_rank,1,1,0.36529452,0.114757344,0.2599305,0.26001766
s08_1test_r4_t32,8,1test,4,32,4,62412,False,Q12-E002,CHANNEL_DROPOUT,loso_s8,20260926,21,mean_rank,4,4,0.038030226,0.04006711,0.007130715,0.914772
s08_1test_r4_t33,8,1test,4,33,1,64504,False,Q12-E002,CHANNEL_DROPOUT,loso_s8,20260926,21,mean_rank,1,3,0.10581541,0.090716764,0.60593647,0.19753133
s08_1test_r4_t34,8,1test,4,34,3,66595,False,Q12-E002,CHANNEL_DROPOUT,loso_s8,20260926,21,mean_rank,3,4,0.05914572,0.26351446,0.3166935,0.36064634
s08_1test_r4_t35,8,1test,4,35,1,68638,False,Q12-E002,CHANNEL_DROPOUT,loso_s8,20260926,21,mean_rank,1,3,0.25366223,0.12760027,0.31121653,0.30752096
s08_1test_r4_t36,8,1test,4,36,4,70702,False,Q12-E002,CHANNEL_DROPOUT,loso_s8,20260926,21,mean_rank,4,3,0.020847434,0.2968095,0.34805632,0.33428672
s08_1test_r4_t37,8,1test,4,37,1,72722,False,Q12-E002,CHANNEL_DROPOUT,loso_s8,20260926,21,mean_rank,1,4,0.23714177,0.24618742,0.2490966,0.26757416
s08_1test_r4_t38,8,1test,4,38,3,74694,False,Q12-E002,CHANNEL_DROPOUT,loso_s8,20260926,21,mean_rank,3,2,0.020796433,0.3963694,0.3236269,0.25920725
s08_1test_r4_t39,8,1test,4,39,1,76657,False,Q12-E002,CHANNEL_DROPOUT,loso_s8,20260926,21,mean_rank,1,3,0.22126049,0.29640207,0.36655518,0.115782306
s08_1test_r4_t40,8,1test,4,40,2,78582,False,Q12-E002,CHANNEL_DROPOUT,loso_s8,20260926,21,mean_rank,2,2,0.06592638,0.4303983,0.25184536,0.25182998
s08_1test_r4_t41,8,1test,4,41,3,80663,False,Q12-E002,CHANNEL_DROPOUT,loso_s8,20260926,21,mean_rank,3,3,0.14720282,0.21532424,0.46109226,0.17638068
s08_1test_r4_t42,8,1test,4,42,3,82641,False,Q12-E002,CHANNEL_DROPOUT,loso_s8,20260926,21,mean_rank,3,3,0.02802697,0.11814774,0.44916907,0.40465626
s08_1test_r4_t43,8,1test,4,43,4,84631,False,Q12-E002,CHANNEL_DROPOUT,loso_s8,20260926,21,mean_rank,4,2,0.12569058,0.38012153,0.32227153,0.17191635
s08_1test_r4_t44,8,1test,4,44,1,86750,False,Q12-E002,CHANNEL_DROPOUT,loso_s8,20260926,21,mean_rank,1,3,0.10231779,0.1281738,0.42293918,0.34656927
s08_1test_r4_t45,8,1test,4,45,2,88656,False,Q12-E002,CHANNEL_DROPOUT,loso_s8,20260926,21,mean_rank,2,2,0.01662026,0.7136683,0.12536496,0.14434658
s08_1test_r4_t46,8,1test,4,46,4,90584,False,Q12-E002,CHANNEL_DROPOUT,loso_s8,20260926,21,mean_rank,4,4,0.028733322,0.2307558,0.2784984,0.46201253
s08_1test_r4_t47,8,1test,4,47,2,92698,False,Q12-E002,CHANNEL_DROPOUT,loso_s8,20260926,21,mean_rank,2,4,0.05480072,0.352431,0.13702518,0.45574304
s08_1test_r4_t48,8,1test,4,48,3,94757,False,Q12-E002,CHANNEL_DROPOUT,loso_s8,20260926,21,mean_rank,3,3,0.20374128,0.21650276,0.39583954,0.18391636
s08_1test_r5_t01,8,1test,5,1,3,250,False,Q12-E002,CHANNEL_DROPOUT,loso_s8,20260926,21,mean_rank,3,1,0.45706344,0.13659139,0.27095413,0.13539101
s08_1test_r5_t02,8,1test,5,2,1,2253,True,Q12-E002,CHANNEL_DROPOUT,loso_s8,20260926,21,mean_rank,1,3,0.13870703,0.13589977,0.37886947,0.3465237
s08_1test_r5_t03,8,1test,5,3,4,4171,False,Q12-E002,CHANNEL_DROPOUT,loso_s8,20260926,21,mean_rank,4,4,0.0137302205,0.02012453,0.30829808,0.65784717
s08_1test_r5_t04,8,1test,5,4,2,6123,False,Q12-E002,CHANNEL_DROPOUT,loso_s8,20260926,21,mean_rank,2,4,0.019713586,0.26241305,0.14937072,0.56850266
s08_1test_r5_t05,8,1test,5,5,4,8131,False,Q12-E002,CHANNEL_DROPOUT,loso_s8,20260926,21,mean_rank,4,4,0.012070299,0.022414653,0.047169197,0.9183458
s08_1test_r5_t06,8,1test,5,6,1,10242,False,Q12-E002,CHANNEL_DROPOUT,loso_s8,20260926,21,mean_rank,1,1,0.35874233,0.11437762,0.23562072,0.29125932
s08_1test_r5_t07,8,1test,5,7,1,12159,True,Q12-E002,CHANNEL_DROPOUT,loso_s8,20260926,21,mean_rank,1,1,0.46603915,0.062226526,0.21667963,0.25505468
s08_1test_r5_t08,8,1test,5,8,3,14209,False,Q12-E002,CHANNEL_DROPOUT,loso_s8,20260926,21,mean_rank,3,2,0.002113459,0.39715,0.31517708,0.2855594
s08_1test_r5_t09,8,1test,5,9,3,16140,False,Q12-E002,CHANNEL_DROPOUT,loso_s8,20260926,21,mean_rank,3,2,0.005907107,0.36167842,0.3217842,0.31063026
s08_1test_r5_t10,8,1test,5,10,2,18138,False,Q12-E002,CHANNEL_DROPOUT,loso_s8,20260926,21,mean_rank,2,3,0.060880262,0.3250666,0.38498276,0.2290704
s08_1test_r5_t11,8,1test,5,11,4,20044,False,Q12-E002,CHANNEL_DROPOUT,loso_s8,20260926,21,mean_rank,4,4,0.10758409,0.07216614,0.19009712,0.6301527
s08_1test_r5_t12,8,1test,5,12,2,21939,True,Q12-E002,CHANNEL_DROPOUT,loso_s8,20260926,21,mean_rank,2,3,0.051852074,0.31431678,0.32259429,0.31123686
s08_1test_r5_t13,8,1test,5,13,2,23911,False,Q12-E002,CHANNEL_DROPOUT,loso_s8,20260926,21,mean_rank,2,4,0.09057874,0.115622215,0.22173879,0.5720602
s08_1test_r5_t14,8,1test,5,14,1,25855,False,Q12-E002,CHANNEL_DROPOUT,loso_s8,20260926,21,mean_rank,1,4,0.35223177,0.059914846,0.1644359,0.42341748
s08_1test_r5_t15,8,1test,5,15,2,27822,False,Q12-E002,CHANNEL_DROPOUT,loso_s8,20260926,21,mean_rank,2,3,0.049114633,0.156315,0.54849154,0.24607879
s08_1test_r5_t16,8,1test,5,16,4,29942,False,Q12-E002,CHANNEL_DROPOUT,loso_s8,20260926,21,mean_rank,4,4,0.10464494,0.028520634,0.2959875,0.570847
s08_1test_r5_t17,8,1test,5,17,4,31950,False,Q12-E002,CHANNEL_DROPOUT,loso_s8,20260926,21,mean_rank,4,4,0.0629823,0.053020403,0.17623796,0.7077594
s08_1test_r5_t18,8,1test,5,18,2,34016,False,Q12-E002,CHANNEL_DROPOUT,loso_s8,20260926,21,mean_rank,2,2,0.040673327,0.6455129,0.17428152,0.13953224
s08_1test_r5_t19,8,1test,5,19,2,36052,True,Q12-E002,CHANNEL_DROPOUT,loso_s8,20260926,21,mean_rank,2,2,0.09372195,0.507332,0.20318884,0.19575724
s08_1test_r5_t20,8,1test,5,20,2,38118,False,Q12-E002,CHANNEL_DROPOUT,loso_s8,20260926,21,mean_rank,2,4,0.044793077,0.36899388,0.20592655,0.3802865
s08_1test_r5_t21,8,1test,5,21,2,40188,False,Q12-E002,CHANNEL_DROPOUT,loso_s8,20260926,21,mean_rank,2,4,0.04088764,0.1926203,0.3817312,0.38476083
s08_1test_r5_t22,8,1test,5,22,4,42268,False,Q12-E002,CHANNEL_DROPOUT,loso_s8,20260926,21,mean_rank,4,4,0.18740952,0.06418543,0.21354909,0.5348559
s08_1test_r5_t23,8,1test,5,23,4,44180,False,Q12-E002,CHANNEL_DROPOUT,loso_s8,20260926,21,mean_rank,4,4,0.030279247,0.14148118,0.21823144,0.6100082
s08_1test_r5_t24,8,1test,5,24,3,46211,False,Q12-E002,CHANNEL_DROPOUT,loso_s8,20260926,21,mean_rank,3,3,0.07622459,0.31265652,0.41013414,0.20098479
s08_1test_r5_t25,8,1test,5,25,4,48164,False,Q12-E002,CHANNEL_DROPOUT,loso_s8,20260926,21,mean_rank,4,2,0.028247993,0.40367377,0.26154938,0.30652884
s08_1test_r5_t26,8,1test,5,26,1,50125,False,Q12-E002,CHANNEL_DROPOUT,loso_s8,20260926,21,mean_rank,1,4,0.26155776,0.026151508,0.21041793,0.50187284
s08_1test_r5_t27,8,1test,5,27,2,52229,False,Q12-E002,CHANNEL_DROPOUT,loso_s8,20260926,21,mean_rank,2,2,0.14181712,0.3236,0.29909283,0.23549007
s08_1test_r5_t28,8,1test,5,28,3,54233,False,Q12-E002,CHANNEL_DROPOUT,loso_s8,20260926,21,mean_rank,3,3,0.05158521,0.33967894,0.40734413,0.20139171
s08_1test_r5_t29,8,1test,5,29,2,56208,False,Q12-E002,CHANNEL_DROPOUT,loso_s8,20260926,21,mean_rank,2,4,0.21021862,0.22143058,0.2695874,0.2987634
s08_1test_r5_t30,8,1test,5,30,1,58234,False,Q12-E002,CHANNEL_DROPOUT,loso_s8,20260926,21,mean_rank,1,1,0.50927055,0.04746396,0.29527444,0.14799103
s08_1test_r5_t31,8,1test,5,31,4,60305,False,Q12-E002,CHANNEL_DROPOUT,loso_s8,20260926,21,mean_rank,4,4,0.010976751,0.27920544,0.2389996,0.47081813
s08_1test_r5_t32,8,1test,5,32,1,62412,False,Q12-E002,CHANNEL_DROPOUT,loso_s8,20260926,21,mean_rank,1,1,0.49127862,0.11872213,0.20853633,0.18146282
s08_1test_r5_t33,8,1test,5,33,4,64504,False,Q12-E002,CHANNEL_DROPOUT,loso_s8,20260926,21,mean_rank,4,3,0.070089355,0.23725462,0.36562297,0.32703304
s08_1test_r5_t34,8,1test,5,34,1,66595,False,Q12-E002,CHANNEL_DROPOUT,loso_s8,20260926,21,mean_rank,1,4,0.23789324,0.15694693,0.16808803,0.43707183
s08_1test_r5_t35,8,1test,5,35,1,68638,False,Q12-E002,CHANNEL_DROPOUT,loso_s8,20260926,21,mean_rank,1,3,0.2748052,0.102874145,0.34356326,0.2787574
s08_1test_r5_t36,8,1test,5,36,1,70702,False,Q12-E002,CHANNEL_DROPOUT,loso_s8,20260926,21,mean_rank,1,1,0.43323115,0.2099889,0.18747656,0.16930336
s08_1test_r5_t37,8,1test,5,37,1,72722,True,Q12-E002,CHANNEL_DROPOUT,loso_s8,20260926,21,mean_rank,1,4,0.08017981,0.18621145,0.16254659,0.57106215
s08_1test_r5_t38,8,1test,5,38,3,74694,False,Q12-E002,CHANNEL_DROPOUT,loso_s8,20260926,21,mean_rank,3,2,0.092022285,0.49659106,0.25719124,0.15419538
s08_1test_r5_t39,8,1test,5,39,3,76657,False,Q12-E002,CHANNEL_DROPOUT,loso_s8,20260926,21,mean_rank,3,3,0.015345395,0.12636398,0.6575947,0.20069589
s08_1test_r5_t40,8,1test,5,40,4,78582,False,Q12-E002,CHANNEL_DROPOUT,loso_s8,20260926,21,mean_rank,4,4,0.014678103,0.16712895,0.36885557,0.4493374
s08_1test_r5_t41,8,1test,5,41,2,80663,False,Q12-E002,CHANNEL_DROPOUT,loso_s8,20260926,21,mean_rank,2,2,0.033811558,0.581246,0.17554504,0.2093974
s08_1test_r5_t42,8,1test,5,42,3,82641,False,Q12-E002,CHANNEL_DROPOUT,loso_s8,20260926,21,mean_rank,3,3,0.1931855,0.21077828,0.41720936,0.17882691
s08_1test_r5_t43,8,1test,5,43,3,84631,False,Q12-E002,CHANNEL_DROPOUT,loso_s8,20260926,21,mean_rank,3,4,0.016906677,0.16704276,0.21287583,0.60317475
s08_1test_r5_t44,8,1test,5,44,3,86750,False,Q12-E002,CHANNEL_DROPOUT,loso_s8,20260926,21,mean_rank,3,4,0.042750172,0.06023679,0.3470675,0.54994553
s08_1test_r5_t45,8,1test,5,45,4,88656,False,Q12-E002,CHANNEL_DROPOUT,loso_s8,20260926,21,mean_rank,4,4,0.05235899,0.0326243,0.020248389,0.89476836
s08_1test_r5_t46,8,1test,5,46,3,90584,True,Q12-E002,CHANNEL_DROPOUT,loso_s8,20260926,21,mean_rank,3,4,0.015526458,0.2877448,0.17538206,0.5213467
s08_1test_r5_t47,8,1test,5,47,1,92698,False,Q12-E002,CHANNEL_DROPOUT,loso_s8,20260926,21,mean_rank,1,3,0.1499585,0.19497786,0.38324562,0.27181798
s08_1test_r5_t48,8,1test,5,48,3,94757,False,Q12-E002,CHANNEL_DROPOUT,loso_s8,20260926,21,mean_rank,3,3,0.09272942,0.08598905,0.46156228,0.3597193
