fold,subject,seed,model,stratum,n_train,n_test,n_classes_present,balanced_accuracy,accuracy,macro_f1,macro_precision,macro_recall,cohen_kappa,condition,selected_epochs
loso_s1,1,20260924,EEGNet,all,4608,576,4,0.5503472222222222,0.5503472222222222,0.4869794417455871,0.6012896152127873,0.5503472222222222,0.4004629629629629,MU_BETA_CSP8_EEGNET,9
loso_s1,1,20260924,EEGNet,unflagged,4608,554,4,0.5558416502958489,0.5577617328519856,0.4940864118126902,0.6205567098575573,0.5558416502958489,0.4097104436848194,MU_BETA_CSP8_EEGNET,9
loso_s1,1,20260924,EEGNet,flagged,4608,22,4,0.4232142857142857,0.3636363636363636,0.3133116883116883,0.2673611111111111,0.4232142857142857,0.1742627345844503,MU_BETA_CSP8_EEGNET,9
loso_s1,1,20260925,EEGNet,all,4608,576,4,0.5243055555555556,0.5243055555555556,0.4710663818583073,0.5755804915327126,0.5243055555555556,0.3657407407407407,MU_BETA_CSP8_EEGNET,9
loso_s1,1,20260925,EEGNet,unflagged,4608,554,4,0.5292187241275574,0.5306859205776173,0.4770212630506747,0.5917231168589865,0.5292187241275574,0.3736792214907514,MU_BETA_CSP8_EEGNET,9
loso_s1,1,20260925,EEGNet,flagged,4608,22,4,0.4089285714285714,0.3636363636363636,0.3327922077922077,0.2857142857142857,0.4089285714285714,0.1584699453551913,MU_BETA_CSP8_EEGNET,9
loso_s1,1,20260926,EEGNet,all,4608,576,4,0.5451388888888888,0.5451388888888888,0.518440044037669,0.5775693199389093,0.5451388888888888,0.3935185185185185,MU_BETA_CSP8_EEGNET,9
loso_s1,1,20260926,EEGNet,unflagged,4608,554,4,0.5508254352223892,0.5523465703971119,0.5263985382444274,0.5837624174338171,0.5508254352223892,0.4024122377789666,MU_BETA_CSP8_EEGNET,9
loso_s1,1,20260926,EEGNet,flagged,4608,22,4,0.4232142857142857,0.3636363636363636,0.3064435564435565,0.2625,0.4232142857142857,0.1808510638297873,MU_BETA_CSP8_EEGNET,9
loso_s2,2,20260924,EEGNet,all,4608,576,4,0.25,0.25,0.1,0.0625,0.25,0.0,MU_BETA_CSP8_EEGNET,1
loso_s2,2,20260924,EEGNet,unflagged,4608,553,4,0.25,0.2495479204339963,0.0998552821997105,0.062386980108499,0.25,0.0,MU_BETA_CSP8_EEGNET,1
loso_s2,2,20260924,EEGNet,flagged,4608,23,4,0.25,0.2608695652173913,0.1034482758620689,0.0652173913043478,0.25,0.0,MU_BETA_CSP8_EEGNET,1
loso_s2,2,20260925,EEGNet,all,4608,576,4,0.25,0.25,0.1,0.0625,0.25,0.0,MU_BETA_CSP8_EEGNET,1
loso_s2,2,20260925,EEGNet,unflagged,4608,553,4,0.25,0.2495479204339963,0.0998552821997105,0.062386980108499,0.25,0.0,MU_BETA_CSP8_EEGNET,1
loso_s2,2,20260925,EEGNet,flagged,4608,23,4,0.25,0.2608695652173913,0.1034482758620689,0.0652173913043478,0.25,0.0,MU_BETA_CSP8_EEGNET,1
loso_s2,2,20260926,EEGNet,all,4608,576,4,0.25,0.25,0.1,0.0625,0.25,0.0,MU_BETA_CSP8_EEGNET,1
loso_s2,2,20260926,EEGNet,unflagged,4608,553,4,0.25,0.2495479204339963,0.0998552821997105,0.062386980108499,0.25,0.0,MU_BETA_CSP8_EEGNET,1
loso_s2,2,20260926,EEGNet,flagged,4608,23,4,0.25,0.2608695652173913,0.1034482758620689,0.0652173913043478,0.25,0.0,MU_BETA_CSP8_EEGNET,1
loso_s3,3,20260924,EEGNet,all,4608,576,4,0.5520833333333334,0.5520833333333334,0.5092756154396063,0.694984109783638,0.5520833333333334,0.4027777777777778,MU_BETA_CSP8_EEGNET,6
loso_s3,3,20260924,EEGNet,unflagged,4608,543,4,0.5517828589363498,0.5524861878453039,0.5100002950407403,0.7084495488105004,0.5517828589363498,0.4034666558164137,MU_BETA_CSP8_EEGNET,6
loso_s3,3,20260924,EEGNet,flagged,4608,33,4,0.5833333333333334,0.5454545454545454,0.5115864527629234,0.4861111111111111,0.5833333333333334,0.3926380368098159,MU_BETA_CSP8_EEGNET,6
loso_s3,3,20260925,EEGNet,all,4608,576,4,0.5625,0.5625,0.5314561955202471,0.6325232826991138,0.5625,0.4166666666666666,MU_BETA_CSP8_EEGNET,6
loso_s3,3,20260925,EEGNet,unflagged,4608,543,4,0.5670183025622103,0.567219152854512,0.5373031091501762,0.640088070531619,0.5670183025622103,0.4231421247971357,MU_BETA_CSP8_EEGNET,6
loso_s3,3,20260925,EEGNet,flagged,4608,33,4,0.5034722222222222,0.4848484848484848,0.4516666666666666,0.4791666666666667,0.5034722222222222,0.3082614056720099,MU_BETA_CSP8_EEGNET,6
loso_s3,3,20260926,EEGNet,all,4608,576,4,0.5555555555555556,0.5555555555555556,0.5268469285315104,0.6477785728734579,0.5555555555555556,0.4074074074074074,MU_BETA_CSP8_EEGNET,6
loso_s3,3,20260926,EEGNet,unflagged,4608,543,4,0.5562316207397228,0.5561694290976059,0.5262790534923304,0.6525655248773528,0.5562316207397228,0.408480689954437,MU_BETA_CSP8_EEGNET,6
loso_s3,3,20260926,EEGNet,flagged,4608,33,4,0.5472222222222223,0.5454545454545454,0.5278202189966896,0.5819444444444444,0.5472222222222223,0.3903940886699507,MU_BETA_CSP8_EEGNET,6
loso_s4,4,20260924,EEGNet,all,4608,576,4,0.3402777777777778,0.3402777777777778,0.3199705193710604,0.3922272799183098,0.3402777777777778,0.1203703703703703,MU_BETA_CSP8_EEGNET,6
loso_s4,4,20260924,EEGNet,unflagged,4608,490,4,0.3476226912163604,0.3510204081632653,0.3346167557932263,0.4046151300635929,0.3476226912163604,0.1305609338295604,MU_BETA_CSP8_EEGNET,6
loso_s4,4,20260924,EEGNet,flagged,4608,86,4,0.3111473429951691,0.2790697674418604,0.2343738844863282,0.2846907993966817,0.3111473429951691,0.0718885987815491,MU_BETA_CSP8_EEGNET,6
loso_s4,4,20260925,EEGNet,all,4608,576,4,0.3524305555555555,0.3524305555555556,0.3224186894882352,0.3704894737293808,0.3524305555555555,0.136574074074074,MU_BETA_CSP8_EEGNET,6
loso_s4,4,20260925,EEGNet,unflagged,4608,490,4,0.3582805556240091,0.3612244897959183,0.3299243121196004,0.3741320468668574,0.3582805556240091,0.1455472297278475,MU_BETA_CSP8_EEGNET,6
loso_s4,4,20260925,EEGNet,flagged,4608,86,4,0.3147705314009662,0.3023255813953488,0.279810853634383,0.3616883116883116,0.3147705314009662,0.0897865584759217,MU_BETA_CSP8_EEGNET,6
loso_s4,4,20260926,EEGNet,all,4608,576,4,0.3559027777777778,0.3559027777777778,0.3554765781448309,0.3799854702094236,0.3559027777777778,0.1412037037037037,MU_BETA_CSP8_EEGNET,6
loso_s4,4,20260926,EEGNet,unflagged,4608,490,4,0.3644306585159612,0.3653061224489796,0.3656862876809925,0.3864665459623987,0.3644306585159612,0.1516356024673212,MU_BETA_CSP8_EEGNET,6
loso_s4,4,20260926,EEGNet,flagged,4608,86,4,0.3167391304347826,0.3023255813953488,0.2951357201357201,0.3403138528138528,0.3167391304347826,0.0899470899470902,MU_BETA_CSP8_EEGNET,6
loso_s5,5,20260924,EEGNet,all,4608,576,4,0.2465277777777778,0.2465277777777778,0.111235119047619,0.0814393939393939,0.2465277777777778,-0.0046296296296295,MU_BETA_CSP8_EEGNET,20
loso_s5,5,20260924,EEGNet,unflagged,4608,538,4,0.2480055099581013,0.241635687732342,0.1101897868049553,0.0810682893847194,0.2480055099581013,-0.0028692044810758,MU_BETA_CSP8_EEGNET,20
loso_s5,5,20260924,EEGNet,flagged,4608,38,4,0.2307692307692307,0.3157894736842105,0.125,0.0857142857142857,0.2307692307692307,-0.0334728033472802,MU_BETA_CSP8_EEGNET,20
loso_s5,5,20260925,EEGNet,all,4608,576,4,0.2795138888888889,0.2795138888888889,0.1841955498024862,0.1417707947265314,0.2795138888888889,0.0393518518518518,MU_BETA_CSP8_EEGNET,20
loso_s5,5,20260925,EEGNet,unflagged,4608,538,4,0.2855277506743959,0.2806691449814126,0.1870561725414453,0.1425065640291204,0.2855277506743959,0.0461604713169203,MU_BETA_CSP8_EEGNET,20
loso_s5,5,20260925,EEGNet,flagged,4608,38,4,0.2237762237762238,0.2631578947368421,0.1309669522643818,0.1119791666666666,0.2237762237762238,-0.0493096646942801,MU_BETA_CSP8_EEGNET,20
loso_s5,5,20260926,EEGNet,all,4608,576,4,0.2447916666666666,0.2447916666666666,0.1035242290748898,0.0656424581005586,0.2447916666666666,-0.0069444444444444,MU_BETA_CSP8_EEGNET,20
loso_s5,5,20260926,EEGNet,unflagged,4608,538,4,0.2461832061068702,0.2397769516728624,0.1018957345971564,0.0642430278884462,0.2461832061068702,-0.0052445475892439,MU_BETA_CSP8_EEGNET,20
loso_s5,5,20260926,EEGNet,flagged,4608,38,4,0.2307692307692307,0.3157894736842105,0.125,0.0857142857142857,0.2307692307692307,-0.0334728033472802,MU_BETA_CSP8_EEGNET,20
loso_s6,6,20260924,EEGNet,all,4608,576,4,0.2760416666666666,0.2760416666666667,0.2289716690116044,0.3199881176576092,0.2760416666666666,0.0347222222222222,MU_BETA_CSP8_EEGNET,5
loso_s6,6,20260924,EEGNet,unflagged,4608,434,4,0.2911095512441597,0.2903225806451613,0.2349446795187601,0.3736011399730236,0.2911095512441597,0.0566748763258365,MU_BETA_CSP8_EEGNET,5
loso_s6,6,20260924,EEGNet,flagged,4608,142,4,0.2283309207829473,0.2323943661971831,0.2068026289992811,0.2485680592991913,0.2283309207829473,-0.0319354623641576,MU_BETA_CSP8_EEGNET,5
loso_s6,6,20260925,EEGNet,all,4608,576,4,0.2482638888888889,0.2482638888888889,0.1784141465072236,0.2097238895558223,0.2482638888888889,-0.0023148148148148,MU_BETA_CSP8_EEGNET,5
loso_s6,6,20260925,EEGNet,unflagged,4608,434,4,0.2667743013421957,0.2626728110599078,0.1900627308467038,0.3522897897897897,0.2667743013421957,0.0219787184597293,MU_BETA_CSP8_EEGNET,5
loso_s6,6,20260925,EEGNet,flagged,4608,142,4,0.1969153515064562,0.204225352112676,0.1431800314465408,0.1146464646464646,0.1969153515064562,-0.0723785337165008,MU_BETA_CSP8_EEGNET,5
loso_s6,6,20260926,EEGNet,all,4608,576,4,0.2482638888888889,0.2482638888888889,0.1462028988228593,0.2659747659747659,0.2482638888888889,-0.0023148148148148,MU_BETA_CSP8_EEGNET,5
loso_s6,6,20260926,EEGNet,unflagged,4608,434,4,0.2532332913812828,0.2557603686635945,0.1500558716467807,0.3781292391170304,0.2532332913812828,0.0055051859419116,MU_BETA_CSP8_EEGNET,5
loso_s6,6,20260926,EEGNet,flagged,4608,142,4,0.2313178930108628,0.2253521126760563,0.1340529716368642,0.1769409937888199,0.2313178930108628,-0.024127983215316,MU_BETA_CSP8_EEGNET,5
loso_s7,7,20260924,EEGNet,all,4608,576,4,0.2795138888888889,0.2795138888888889,0.2571565049029417,0.4692787190600046,0.2795138888888889,0.0393518518518518,MU_BETA_CSP8_EEGNET,7
loso_s7,7,20260924,EEGNet,unflagged,4608,548,4,0.2722078235010637,0.2718978102189781,0.2508914001018667,0.4626250186595014,0.2722078235010637,0.0290289490161598,MU_BETA_CSP8_EEGNET,7
loso_s7,7,20260924,EEGNet,flagged,4608,28,4,0.4166666666666666,0.4285714285714285,0.3754901960784313,0.3484848484848484,0.4166666666666666,0.2315608919382504,MU_BETA_CSP8_EEGNET,7
loso_s7,7,20260925,EEGNet,all,4608,576,4,0.2743055555555556,0.2743055555555556,0.2324882630743632,0.3984703238488479,0.2743055555555556,0.0324074074074074,MU_BETA_CSP8_EEGNET,7
loso_s7,7,20260925,EEGNet,unflagged,4608,548,4,0.2726500699366456,0.2718978102189781,0.2321626526474237,0.3975515959930071,0.2726500699366456,0.0297700134450946,MU_BETA_CSP8_EEGNET,7
loso_s7,7,20260925,EEGNet,flagged,4608,28,4,0.3055555555555556,0.3214285714285714,0.2301587301587301,0.1875,0.3055555555555556,0.0827586206896552,MU_BETA_CSP8_EEGNET,7
loso_s7,7,20260926,EEGNet,all,4608,576,4,0.3559027777777777,0.3559027777777778,0.3225171084697364,0.4355682563664195,0.3559027777777777,0.1412037037037037,MU_BETA_CSP8_EEGNET,7
loso_s7,7,20260926,EEGNet,unflagged,4608,548,4,0.3539699331194094,0.354014598540146,0.3207419213874354,0.4311359881327788,0.3539699331194094,0.1384527928159987,MU_BETA_CSP8_EEGNET,7
loso_s7,7,20260926,EEGNet,flagged,4608,28,4,0.3968253968253968,0.3928571428571428,0.3574974861739567,0.5148809523809523,0.3968253968253968,0.1945854483925549,MU_BETA_CSP8_EEGNET,7
loso_s8,8,20260924,EEGNet,all,4608,576,4,0.6215277777777778,0.6215277777777778,0.5858038511817303,0.6732327832169,0.6215277777777778,0.4953703703703703,MU_BETA_CSP8_EEGNET,7
loso_s8,8,20260924,EEGNet,unflagged,4608,535,4,0.6287306681581437,0.6299065420560748,0.5937763777402547,0.6761938664187117,0.6287306681581437,0.5058681942008433,MU_BETA_CSP8_EEGNET,7
loso_s8,8,20260924,EEGNet,flagged,4608,41,4,0.5373106060606061,0.5121951219512195,0.4802134646962233,0.6884469696969697,0.5373106060606061,0.3672839506172839,MU_BETA_CSP8_EEGNET,7
loso_s8,8,20260925,EEGNet,all,4608,576,4,0.6163194444444444,0.6163194444444444,0.5960018783814816,0.6522047568171405,0.6163194444444444,0.4884259259259259,MU_BETA_CSP8_EEGNET,7
loso_s8,8,20260925,EEGNet,unflagged,4608,535,4,0.6279162793447022,0.6280373831775701,0.6064790392973859,0.6601942214919971,0.6279162793447022,0.5037660921201048,MU_BETA_CSP8_EEGNET,7
loso_s8,8,20260925,EEGNet,flagged,4608,41,4,0.4556818181818182,0.4634146341463415,0.4442854294827979,0.5345755693581781,0.4556818181818182,0.2863924050632911,MU_BETA_CSP8_EEGNET,7
loso_s8,8,20260926,EEGNet,all,4608,576,4,0.6371527777777778,0.6371527777777778,0.6216741381003255,0.6748872890222274,0.6371527777777778,0.5162037037037037,MU_BETA_CSP8_EEGNET,7
loso_s8,8,20260926,EEGNet,unflagged,4608,535,4,0.6440794699655196,0.6429906542056075,0.6262622959455885,0.6809815805918902,0.6440794699655196,0.5241011549925485,MU_BETA_CSP8_EEGNET,7
loso_s8,8,20260926,EEGNet,flagged,4608,41,4,0.5465909090909091,0.5609756097560976,0.543734335839599,0.5887896825396826,0.5465909090909091,0.4147501982553528,MU_BETA_CSP8_EEGNET,7
loso_s9,9,20260924,EEGNet,all,4608,576,4,0.5954861111111112,0.5954861111111112,0.5894229443484786,0.6512777161862529,0.5954861111111112,0.4606481481481481,MU_BETA_CSP8_EEGNET,8
loso_s9,9,20260924,EEGNet,unflagged,4608,501,4,0.5949688518578878,0.5948103792415169,0.5887044940353764,0.650366094261206,0.5949688518578878,0.4580406910443467,MU_BETA_CSP8_EEGNET,8
loso_s9,9,20260924,EEGNet,flagged,4608,75,4,0.6173275737420474,0.6,0.5949047157622739,0.6620746722442643,0.6173275737420474,0.4747899159663866,MU_BETA_CSP8_EEGNET,8
loso_s9,9,20260925,EEGNet,all,4608,576,4,0.5625,0.5625,0.5495146623128031,0.6487600825985191,0.5625,0.4166666666666666,MU_BETA_CSP8_EEGNET,8
loso_s9,9,20260925,EEGNet,unflagged,4608,501,4,0.5716747677640157,0.5688622754491018,0.5595705433870226,0.6597356293255447,0.5716747677640157,0.4252023710880234,MU_BETA_CSP8_EEGNET,8
loso_s9,9,20260925,EEGNet,flagged,4608,75,4,0.5218063186813187,0.52,0.4887149128952407,0.5767316017316018,0.5218063186813187,0.360644091877812,MU_BETA_CSP8_EEGNET,8
loso_s9,9,20260926,EEGNet,all,4608,576,4,0.625,0.625,0.6130076753223002,0.631671909678688,0.625,0.5,MU_BETA_CSP8_EEGNET,8
loso_s9,9,20260926,EEGNet,unflagged,4608,501,4,0.6163440352020861,0.6147704590818364,0.6054171973203284,0.625900368667013,0.6163440352020861,0.4857466520587579,MU_BETA_CSP8_EEGNET,8
loso_s9,9,20260926,EEGNet,flagged,4608,75,4,0.6938710960092539,0.6933333333333334,0.6639222732807037,0.6681818181818182,0.6938710960092539,0.5895788722341184,MU_BETA_CSP8_EEGNET,8
